########## IV :: MA_BASELINE :: i=3 aux=90 h=12 t=-1 thin ##########
chosen idx = 3
encapHwt = 12
t for new bts is -1
new bts ? 1
new ks ? 1
thick bts ?0
repeat times = 1
force bsgs = 0
force hoist = 0
*** GTestFatboot: p=8191, r=1, bits=1320, t=0, c=3, m=45193 mvec=[43 1051], gens=[26276 32595], ords=[42 75]
Computing key-independent tables...using HELIB_EXPLICIT_AUX=90

t = -1
bound on I = 16.305335
log2(aux) = 6.491853
log2(beta) = 27.446094
log2(qks) >= 36.634716, final log2(qks) = 36.634751
log2(R) >= 27.445232, final log2(R) = 27.448942
INFO: total bits = 1786.76, security level = 78.5494deg of poly for non-power-of-p aux is 1223
security=78.5494
# small primes = 6
# ctxt primes = 23
# bits in ctxt primes = 1332
# special primes = 8
# bits in special primes = 455
scale=10
 done in 269.375 seconds
  e=0, e'=0, t=12
  m = 45193, p = 8191, phi(m) = 44100
  ord(p) = 14
  normBnd = 1.62042
  polyNormBnd = 4.65228
  factors = [43 1051]
  generator 26276 has order (== Z_m^*) of 42
  generator 32595 has order (== Z_m^*) of 75
r = 1
nslots = 3150
hwt = 120
ctxtPrimes = [6,7,8,9,10,11,12,13,14,15,16,17,18,19,20,21,22,23,24,25,26,27,28]
specialPrimes = [33,34,35,36,37,38,39,40]
number of bits = 1787

security level = 78.5494
Generating keys, Keys generated. Now genRecryptData...
computing key-dependent tables...Sparse boot key hwt = 12
genRecryptData done. recryptKeyID=1
lcAksBsgs=0 lcAksDelayed=0
Post-key setup done.
 done in 50.275 seconds
Encrypt succeeded.
WARNING: KS-noise-ratio = 1.01261 > 1
WARNING: KS-noise-ratio = 34.8557 > 1
WARNING: KS-noise-ratio = 11.4716 > 1
WARNING: KS-noise-ratio = 5.33344 > 1
WARNING: KS-noise-ratio = 1.83618 > 1
WARNING: KS-noise-ratio = 1.83637 > 1
WARNING: KS-noise-ratio = 1.77542 > 1
WARNING: KS-noise-ratio = 92.7865 > 1
WARNING: KS-noise-ratio = 13.0486 > 1
WARNING: KS-noise-ratio = 11.1542 > 1
WARNING: KS-noise-ratio = 10.5948 > 1
WARNING: KS-noise-ratio = 7.93114 > 1
WARNING: KS-noise-ratio = 8.17285 > 1
WARNING: KS-noise-ratio = 2.46038 > 1
time for linear1 = 4.724069, linear2 = 50.333165, extract = 177.350667, total = 234.960426
bits for linear1 = 51.698570, linear2 = 57.331098, extract = 321.133844, min cap = 9.188658, after cap = 907.155770, after prod = 1285.620712
cap / time = 3.601749

### summary over 1 test
time for linear1 = 4.724069, linear2 = 50.333165, extract = 177.350667, total = 234.960426
bits for linear1 = 51.698570, linear2 = 57.331098, extract = 321.133844, min cap = 9.188658, after cap = 907.155770, after prod = 1285.620712
cap / time = 3.601749


### bts finished, everything ok ###

  AAA_bootKeySwitch: 28.7918 / 1 = 28.7918   [/home/luck/xzy/0424project/github_order4_cleaner/src/HElib_auxradix_opt/src/recryption.cpp:1968]
  AAA_coeffToSlot: 23.7053 / 1 = 23.7053   [/home/luck/xzy/0424project/github_order4_cleaner/src/HElib_auxradix_opt/src/recryption.cpp:2396]
  AAA_embeddingLargest: 0.987121 / 300 = 0.0032904   [/home/luck/xzy/0424project/github_order4_cleaner/src/HElib_auxradix_opt/src/norms.cpp:250]
  AAA_embeddingLargest_x2: 0.716711 / 233 = 0.00307601   [/home/luck/xzy/0424project/github_order4_cleaner/src/HElib_auxradix_opt/src/norms.cpp:423]
  AAA_extractDigitsThin: 177.35 / 1 = 177.35   [/home/luck/xzy/0424project/github_order4_cleaner/src/HElib_auxradix_opt/src/recryption.cpp:2447]
  AAA_modDownEnbeddings: 0.856021 / 233 = 0.00367391   [/home/luck/xzy/0424project/github_order4_cleaner/src/HElib_auxradix_opt/src/Ctxt.cpp:506]
  AAA_slotToCoeff: 4.72406 / 1 = 4.72406   [/home/luck/xzy/0424project/github_order4_cleaner/src/HElib_auxradix_opt/src/recryption.cpp:1954]
  BasicAutomorphPrecon: 5.22605 / 8 = 0.653257   [/home/luck/xzy/0424project/github_order4_cleaner/src/HElib_auxradix_opt/src/matmul.cpp:90]
  BluesteinFFT: 94.8641 / 21963 = 0.00431927   [/home/luck/xzy/0424project/github_order4_cleaner/src/HElib_auxradix_opt/src/bluestein.cpp:141]
  Decrypt: 0.676352 / 1 = 0.676352   [/home/luck/xzy/0424project/github_order4_cleaner/src/HElib_auxradix_opt/src/keys.cpp:1362]
  DoubleCRT: 60.3137 / 524 = 0.115102   [/home/luck/xzy/0424project/github_order4_cleaner/src/HElib_auxradix_opt/src/DoubleCRT.cpp:718]
  FFT: 70.3715 / 15503 = 0.00453922   [/home/luck/xzy/0424project/github_order4_cleaner/src/HElib_auxradix_opt/src/CModulus.cpp:479]
  FFT: 90.5236 / 765 = 0.118331   [/home/luck/xzy/0424project/github_order4_cleaner/src/HElib_auxradix_opt/src/DoubleCRT.cpp:70]
  FFT: 90.5041 / 15503 = 0.00583784   [/home/luck/xzy/0424project/github_order4_cleaner/src/HElib_auxradix_opt/src/CModulus.cpp:448]
  FFT_aux: 70.3478 / 15503 = 0.00453769   [/home/luck/xzy/0424project/github_order4_cleaner/src/HElib_auxradix_opt/src/CModulus.cpp:360]
  FFT_remainder: 20.1144 / 15503 = 0.00129745   [/home/luck/xzy/0424project/github_order4_cleaner/src/HElib_auxradix_opt/src/CModulus.cpp:455]
  KS_loop: 22.1917 / 645 = 0.0344057   [/home/luck/xzy/0424project/github_order4_cleaner/src/HElib_auxradix_opt/src/Ctxt.cpp:219]
  KS_loop_1: 3.92413 / 645 = 0.00608392   [/home/luck/xzy/0424project/github_order4_cleaner/src/HElib_auxradix_opt/src/Ctxt.cpp:227]
  KS_loop_2: 2.60796 / 645 = 0.00404335   [/home/luck/xzy/0424project/github_order4_cleaner/src/HElib_auxradix_opt/src/Ctxt.cpp:231]
  KS_loop_3: 3.93133 / 645 = 0.00609509   [/home/luck/xzy/0424project/github_order4_cleaner/src/HElib_auxradix_opt/src/Ctxt.cpp:236]
  KS_loop_4: 1.22793 / 645 = 0.00190377   [/home/luck/xzy/0424project/github_order4_cleaner/src/HElib_auxradix_opt/src/Ctxt.cpp:240]
  NORM_VAL: 1.72216 / 241 = 0.0071459   [/home/luck/xzy/0424project/github_order4_cleaner/src/HElib_auxradix_opt/src/DoubleCRT.cpp:541]
  addCtxt: 23.9955 / 1628 = 0.0147392   [/home/luck/xzy/0424project/github_order4_cleaner/src/HElib_auxradix_opt/src/Ctxt.cpp:1529]
  addPart: 5.52916 / 1600 = 0.00345572   [/home/luck/xzy/0424project/github_order4_cleaner/src/HElib_auxradix_opt/src/Ctxt.cpp:976]
  addPrimes: 48.3669 / 242 = 0.199863   [/home/luck/xzy/0424project/github_order4_cleaner/src/HElib_auxradix_opt/src/DoubleCRT.cpp:625]
  addPrimes_5: 50.7703 / 241 = 0.210665   [/home/luck/xzy/0424project/github_order4_cleaner/src/HElib_auxradix_opt/src/DoubleCRT.cpp:518]
  automorph: 20.2076 / 179 = 0.112892   [/home/luck/xzy/0424project/github_order4_cleaner/src/HElib_auxradix_opt/src/matmul.cpp:148]
  automorph: 0.104252 / 24 = 0.00434383   [/home/luck/xzy/0424project/github_order4_cleaner/src/HElib_auxradix_opt/src/Ctxt.cpp:2560]
  breakIntoDigits: 51.0847 / 87 = 0.58718   [/home/luck/xzy/0424project/github_order4_cleaner/src/HElib_auxradix_opt/src/DoubleCRT.cpp:481]
  decode: 18.5105 / 1 = 18.5105   [/home/luck/xzy/0424project/github_order4_cleaner/src/HElib_auxradix_opt/src/EncryptedArray.cpp:375]
  do_mul: 11.9624 / 2295 = 0.00521237   [/home/luck/xzy/0424project/github_order4_cleaner/src/HElib_auxradix_opt/src/DoubleCRT.cpp:280]
  extractDigitsThin: 177.35 / 1 = 177.35   [/home/luck/xzy/0424project/github_order4_cleaner/src/HElib_auxradix_opt/src/recryption.cpp:1597]
  iFFT: 46.3606 / 6460 = 0.00717657   [/home/luck/xzy/0424project/github_order4_cleaner/src/HElib_auxradix_opt/src/CModulus.cpp:488]
  iFFT_division: 16.9724 / 6460 = 0.00262731   [/home/luck/xzy/0424project/github_order4_cleaner/src/HElib_auxradix_opt/src/CModulus.cpp:570]
  keySwitchPart: 54.5513 / 80 = 0.681891   [/home/luck/xzy/0424project/github_order4_cleaner/src/HElib_auxradix_opt/src/Ctxt.cpp:907]
  modDownToSet: 115.663 / 259 = 0.446577   [/home/luck/xzy/0424project/github_order4_cleaner/src/HElib_auxradix_opt/src/Ctxt.cpp:409]
  mul_MatMul1DExec: 49.0564 / 6 = 8.17607   [/home/luck/xzy/0424project/github_order4_cleaner/src/HElib_auxradix_opt/src/matmul.cpp:1155]
  multByConstant: 2.87733 / 352 = 0.00817422   [/home/luck/xzy/0424project/github_order4_cleaner/src/HElib_auxradix_opt/src/Ctxt.cpp:1955]
  multByConstant: 0.135435 / 1 = 0.135435   [/home/luck/xzy/0424project/github_order4_cleaner/src/HElib_auxradix_opt/src/Ctxt.cpp:1981]
  multLowLvl: 75.4695 / 75 = 1.00626   [/home/luck/xzy/0424project/github_order4_cleaner/src/HElib_auxradix_opt/src/Ctxt.cpp:1804]
  multiplyBy: 69.5631 / 32 = 2.17385   [/home/luck/xzy/0424project/github_order4_cleaner/src/HElib_auxradix_opt/src/Ctxt.cpp:1880]
  privateAssign: 5.27923 / 889 = 0.00593839   [/home/luck/xzy/0424project/github_order4_cleaner/src/HElib_auxradix_opt/src/Ctxt.cpp:329]
  randomize: 8.82497 / 645 = 0.0136821   [/home/luck/xzy/0424project/github_order4_cleaner/src/HElib_auxradix_opt/src/DoubleCRT.cpp:1318]
  randomize_stream: 4.95597 / 3698905 = 1.33985e-06   [/home/luck/xzy/0424project/github_order4_cleaner/src/HElib_auxradix_opt/src/DoubleCRT.cpp:1348]
  reLinearize: 87.9765 / 144 = 0.610948   [/home/luck/xzy/0424project/github_order4_cleaner/src/HElib_auxradix_opt/src/Ctxt.cpp:736]
  smartAutomorph: 13.923 / 24 = 0.580126   [/home/luck/xzy/0424project/github_order4_cleaner/src/HElib_auxradix_opt/src/Ctxt.cpp:2585]
  thinReCrypt: 234.964 / 1 = 234.964   [/home/luck/xzy/0424project/github_order4_cleaner/src/HElib_auxradix_opt/src/recryption.cpp:1872]
  toPoly: 63.5128 / 765 = 0.0830233   [/home/luck/xzy/0424project/github_order4_cleaner/src/HElib_auxradix_opt/src/DoubleCRT.cpp:985]
  toPoly_CRT: 11.1152 / 765 = 0.0145297   [/home/luck/xzy/0424project/github_order4_cleaner/src/HElib_auxradix_opt/src/DoubleCRT.cpp:1052]
  toPoly_FFT: 51.791 / 765 = 0.0677006   [/home/luck/xzy/0424project/github_order4_cleaner/src/HElib_auxradix_opt/src/DoubleCRT.cpp:1030]
  rusage.ru_maxrss=8844204
||||| stats |||||
KS-noise-ratio ave=2.55337 max=92.7865
KS-noise-ratio-hoist ave=632429 max=5.05943e+06
break-into-digits-ratio ave=0.318316 max=0.385269
excess-ctxtPrimes ave=11.6528 max=11.6528
excess-specialPrimes ave=0.654405 max=0.654405
mod-switch-added-noise ave=0.325115 max=0.398607
ptxt_rat_sk ave=0.00762107 max=0.00762107
ptxt_rat_sk ave=0.311259 max=0.311259
raw-mod-switch-noise ave=0.303323 max=0.303323
window1-nchoices ave=2.4 max=3
window1-out ave=0 max=0
window2-nchoices ave=3.58571 max=6
window2-out ave=0 max=0
||||| stats |||||
KS-noise-ratio ave=2.55337 max=92.7865
KS-noise-ratio-hoist ave=632429 max=5.05943e+06
break-into-digits-ratio ave=0.318316 max=0.385269
excess-ctxtPrimes ave=11.6528 max=11.6528
excess-specialPrimes ave=0.654405 max=0.654405
mod-switch-added-noise ave=0.325115 max=0.398607
ptxt_rat_sk ave=0.00762107 max=0.00762107
ptxt_rat_sk ave=0.311259 max=0.311259
raw-mod-switch-noise ave=0.303323 max=0.303323
window1-nchoices ave=2.4 max=3
window1-out ave=0 max=0
window2-nchoices ave=3.58571 max=6
window2-out ave=0 max=0
exit=0 (IV MA_BASELINE)
########## IV :: ORDER4 :: i=3 aux=90 h=12 t=-1 thin ##########
chosen idx = 3
encapHwt = 12
t for new bts is -1
new bts ? 1
new ks ? 1
thick bts ?0
repeat times = 1
force bsgs = 0
force hoist = 0
*** GTestFatboot: p=8191, r=1, bits=1320, t=0, c=3, m=45193 mvec=[43 1051], gens=[26276 32595], ords=[42 75]
Computing key-independent tables...using HELIB_EXPLICIT_AUX=90

t = -1
bound on I = 16.305335
log2(aux) = 6.491853
log2(beta) = 27.446094
log2(qks) >= 36.634716, final log2(qks) = 36.634751
log2(R) >= 27.445232, final log2(R) = 27.448942
INFO: total bits = 1786.76, security level = 78.5494deg of poly for non-power-of-p aux is 1223
security=78.5494
# small primes = 6
# ctxt primes = 23
# bits in ctxt primes = 1332
# special primes = 8
# bits in special primes = 455
scale=10
 done in 231.054 seconds
  e=0, e'=0, t=12
  m = 45193, p = 8191, phi(m) = 44100
  ord(p) = 14
  normBnd = 1.62042
  polyNormBnd = 4.65228
  factors = [43 1051]
  generator 26276 has order (== Z_m^*) of 42
  generator 32595 has order (== Z_m^*) of 75
r = 1
nslots = 3150
hwt = 120
ctxtPrimes = [6,7,8,9,10,11,12,13,14,15,16,17,18,19,20,21,22,23,24,25,26,27,28]
specialPrimes = [33,34,35,36,37,38,39,40]
number of bits = 1787

security level = 78.5494
Generating keys, Keys generated. Now genRecryptData...
computing key-dependent tables...Sparse boot key hwt = 12
genRecryptData done. recryptKeyID=1
lcAksBsgs=0 lcAksDelayed=0
Post-key setup done.
 done in 51.9951 seconds
Encrypt succeeded.
HELIB_AUX_ORDER4_EVAL skipped: cleaner does not have the required order-four support
WARNING: KS-noise-ratio = 43.6298 > 1
WARNING: KS-noise-ratio = 12.4562 > 1
WARNING: KS-noise-ratio = 4.86404 > 1
WARNING: KS-noise-ratio = 2.17889 > 1
WARNING: KS-noise-ratio = 1.44453 > 1
WARNING: KS-noise-ratio = 1.4551 > 1
WARNING: KS-noise-ratio = 90.2794 > 1
WARNING: KS-noise-ratio = 11.4058 > 1
WARNING: KS-noise-ratio = 13.0264 > 1
WARNING: KS-noise-ratio = 11.2761 > 1
WARNING: KS-noise-ratio = 7.19696 > 1
WARNING: KS-noise-ratio = 7.51121 > 1
WARNING: KS-noise-ratio = 2.41161 > 1
time for linear1 = 5.073771, linear2 = 51.374467, extract = 161.984641, total = 221.162383
bits for linear1 = 51.643230, linear2 = 57.342802, extract = 321.214981, min cap = 9.188658, after cap = 907.192494, after prod = 1285.750276
cap / time = 3.826874

### summary over 1 test
time for linear1 = 5.073771, linear2 = 51.374467, extract = 161.984641, total = 221.162383
bits for linear1 = 51.643230, linear2 = 57.342802, extract = 321.214981, min cap = 9.188658, after cap = 907.192494, after prod = 1285.750276
cap / time = 3.826874


### bts finished, everything ok ###

  AAA_bootKeySwitch: 29.3102 / 1 = 29.3102   [/home/luck/xzy/0424project/github_order4_cleaner/src/HElib_auxradix_opt/src/recryption.cpp:1968]
  AAA_coeffToSlot: 24.2666 / 1 = 24.2666   [/home/luck/xzy/0424project/github_order4_cleaner/src/HElib_auxradix_opt/src/recryption.cpp:2396]
  AAA_embeddingLargest: 0.959934 / 300 = 0.00319978   [/home/luck/xzy/0424project/github_order4_cleaner/src/HElib_auxradix_opt/src/norms.cpp:250]
  AAA_embeddingLargest_x2: 0.69149 / 233 = 0.00296777   [/home/luck/xzy/0424project/github_order4_cleaner/src/HElib_auxradix_opt/src/norms.cpp:423]
  AAA_extractDigitsThin: 161.983 / 1 = 161.983   [/home/luck/xzy/0424project/github_order4_cleaner/src/HElib_auxradix_opt/src/recryption.cpp:2447]
  AAA_modDownEnbeddings: 0.824159 / 233 = 0.00353716   [/home/luck/xzy/0424project/github_order4_cleaner/src/HElib_auxradix_opt/src/Ctxt.cpp:506]
  AAA_slotToCoeff: 5.07374 / 1 = 5.07374   [/home/luck/xzy/0424project/github_order4_cleaner/src/HElib_auxradix_opt/src/recryption.cpp:1954]
  BasicAutomorphPrecon: 5.34934 / 8 = 0.668667   [/home/luck/xzy/0424project/github_order4_cleaner/src/HElib_auxradix_opt/src/matmul.cpp:90]
  BluesteinFFT: 89.367 / 21963 = 0.00406898   [/home/luck/xzy/0424project/github_order4_cleaner/src/HElib_auxradix_opt/src/bluestein.cpp:141]
  Decrypt: 0.559828 / 1 = 0.559828   [/home/luck/xzy/0424project/github_order4_cleaner/src/HElib_auxradix_opt/src/keys.cpp:1362]
  DoubleCRT: 56.5188 / 524 = 0.10786   [/home/luck/xzy/0424project/github_order4_cleaner/src/HElib_auxradix_opt/src/DoubleCRT.cpp:718]
  FFT: 66.7778 / 15503 = 0.00430741   [/home/luck/xzy/0424project/github_order4_cleaner/src/HElib_auxradix_opt/src/CModulus.cpp:479]
  FFT: 85.837 / 765 = 0.112205   [/home/luck/xzy/0424project/github_order4_cleaner/src/HElib_auxradix_opt/src/DoubleCRT.cpp:70]
  FFT: 85.8143 / 15503 = 0.00553534   [/home/luck/xzy/0424project/github_order4_cleaner/src/HElib_auxradix_opt/src/CModulus.cpp:448]
  FFT_aux: 66.75 / 15503 = 0.00430562   [/home/luck/xzy/0424project/github_order4_cleaner/src/HElib_auxradix_opt/src/CModulus.cpp:360]
  FFT_remainder: 19.0156 / 15503 = 0.00122657   [/home/luck/xzy/0424project/github_order4_cleaner/src/HElib_auxradix_opt/src/CModulus.cpp:455]
  KS_loop: 22.172 / 645 = 0.0343752   [/home/luck/xzy/0424project/github_order4_cleaner/src/HElib_auxradix_opt/src/Ctxt.cpp:219]
  KS_loop_1: 3.88563 / 645 = 0.00602423   [/home/luck/xzy/0424project/github_order4_cleaner/src/HElib_auxradix_opt/src/Ctxt.cpp:227]
  KS_loop_2: 2.67574 / 645 = 0.00414843   [/home/luck/xzy/0424project/github_order4_cleaner/src/HElib_auxradix_opt/src/Ctxt.cpp:231]
  KS_loop_3: 3.89763 / 645 = 0.00604283   [/home/luck/xzy/0424project/github_order4_cleaner/src/HElib_auxradix_opt/src/Ctxt.cpp:236]
  KS_loop_4: 1.27312 / 645 = 0.00197383   [/home/luck/xzy/0424project/github_order4_cleaner/src/HElib_auxradix_opt/src/Ctxt.cpp:240]
  NORM_VAL: 1.66989 / 241 = 0.00692901   [/home/luck/xzy/0424project/github_order4_cleaner/src/HElib_auxradix_opt/src/DoubleCRT.cpp:541]
  addCtxt: 20.4669 / 1628 = 0.0125718   [/home/luck/xzy/0424project/github_order4_cleaner/src/HElib_auxradix_opt/src/Ctxt.cpp:1529]
  addPart: 5.65029 / 1600 = 0.00353143   [/home/luck/xzy/0424project/github_order4_cleaner/src/HElib_auxradix_opt/src/Ctxt.cpp:976]
  addPrimes: 46.8395 / 242 = 0.193551   [/home/luck/xzy/0424project/github_order4_cleaner/src/HElib_auxradix_opt/src/DoubleCRT.cpp:625]
  addPrimes_5: 49.1779 / 241 = 0.204058   [/home/luck/xzy/0424project/github_order4_cleaner/src/HElib_auxradix_opt/src/DoubleCRT.cpp:518]
  automorph: 20.6347 / 179 = 0.115278   [/home/luck/xzy/0424project/github_order4_cleaner/src/HElib_auxradix_opt/src/matmul.cpp:148]
  automorph: 0.105371 / 24 = 0.00439046   [/home/luck/xzy/0424project/github_order4_cleaner/src/HElib_auxradix_opt/src/Ctxt.cpp:2560]
  breakIntoDigits: 49.4909 / 87 = 0.568861   [/home/luck/xzy/0424project/github_order4_cleaner/src/HElib_auxradix_opt/src/DoubleCRT.cpp:481]
  decode: 13.6552 / 1 = 13.6552   [/home/luck/xzy/0424project/github_order4_cleaner/src/HElib_auxradix_opt/src/EncryptedArray.cpp:375]
  do_mul: 12.0048 / 2295 = 0.00523083   [/home/luck/xzy/0424project/github_order4_cleaner/src/HElib_auxradix_opt/src/DoubleCRT.cpp:280]
  extractDigitsThin: 161.983 / 1 = 161.983   [/home/luck/xzy/0424project/github_order4_cleaner/src/HElib_auxradix_opt/src/recryption.cpp:1597]
  iFFT: 42.9745 / 6460 = 0.0066524   [/home/luck/xzy/0424project/github_order4_cleaner/src/HElib_auxradix_opt/src/CModulus.cpp:488]
  iFFT_division: 15.748 / 6460 = 0.00243777   [/home/luck/xzy/0424project/github_order4_cleaner/src/HElib_auxradix_opt/src/CModulus.cpp:570]
  keySwitchPart: 52.5515 / 80 = 0.656894   [/home/luck/xzy/0424project/github_order4_cleaner/src/HElib_auxradix_opt/src/Ctxt.cpp:907]
  modDownToSet: 107.261 / 259 = 0.414135   [/home/luck/xzy/0424project/github_order4_cleaner/src/HElib_auxradix_opt/src/Ctxt.cpp:409]
  mul_MatMul1DExec: 50.2918 / 6 = 8.38196   [/home/luck/xzy/0424project/github_order4_cleaner/src/HElib_auxradix_opt/src/matmul.cpp:1155]
  multByConstant: 3.11738 / 352 = 0.00885619   [/home/luck/xzy/0424project/github_order4_cleaner/src/HElib_auxradix_opt/src/Ctxt.cpp:1955]
  multByConstant: 0.142423 / 1 = 0.142423   [/home/luck/xzy/0424project/github_order4_cleaner/src/HElib_auxradix_opt/src/Ctxt.cpp:1981]
  multLowLvl: 68.9321 / 75 = 0.919094   [/home/luck/xzy/0424project/github_order4_cleaner/src/HElib_auxradix_opt/src/Ctxt.cpp:1804]
  multiplyBy: 72.2329 / 32 = 2.25728   [/home/luck/xzy/0424project/github_order4_cleaner/src/HElib_auxradix_opt/src/Ctxt.cpp:1880]
  privateAssign: 4.81164 / 889 = 0.00541242   [/home/luck/xzy/0424project/github_order4_cleaner/src/HElib_auxradix_opt/src/Ctxt.cpp:329]
  randomize: 8.70983 / 645 = 0.0135036   [/home/luck/xzy/0424project/github_order4_cleaner/src/HElib_auxradix_opt/src/DoubleCRT.cpp:1318]
  randomize_stream: 4.84856 / 3698981 = 1.31078e-06   [/home/luck/xzy/0424project/github_order4_cleaner/src/HElib_auxradix_opt/src/DoubleCRT.cpp:1348]
  reLinearize: 83.4152 / 144 = 0.579272   [/home/luck/xzy/0424project/github_order4_cleaner/src/HElib_auxradix_opt/src/Ctxt.cpp:736]
  smartAutomorph: 14.2728 / 24 = 0.594701   [/home/luck/xzy/0424project/github_order4_cleaner/src/HElib_auxradix_opt/src/Ctxt.cpp:2585]
  thinReCrypt: 221.165 / 1 = 221.165   [/home/luck/xzy/0424project/github_order4_cleaner/src/HElib_auxradix_opt/src/recryption.cpp:1872]
  toPoly: 59.2626 / 765 = 0.0774675   [/home/luck/xzy/0424project/github_order4_cleaner/src/HElib_auxradix_opt/src/DoubleCRT.cpp:985]
  toPoly_CRT: 10.3742 / 765 = 0.0135611   [/home/luck/xzy/0424project/github_order4_cleaner/src/HElib_auxradix_opt/src/DoubleCRT.cpp:1052]
  toPoly_FFT: 48.2714 / 765 = 0.0630999   [/home/luck/xzy/0424project/github_order4_cleaner/src/HElib_auxradix_opt/src/DoubleCRT.cpp:1030]
  rusage.ru_maxrss=8845088
||||| stats |||||
KS-noise-ratio ave=2.62301 max=90.2794
KS-noise-ratio-hoist ave=640188 max=5.1215e+06
break-into-digits-ratio ave=0.317725 max=0.409735
excess-ctxtPrimes ave=11.6528 max=11.6528
excess-specialPrimes ave=0.654405 max=0.654405
mod-switch-added-noise ave=0.323905 max=0.441865
ptxt_rat_sk ave=0.00770449 max=0.00770449
ptxt_rat_sk ave=0.298622 max=0.298622
raw-mod-switch-noise ave=0.376581 max=0.376581
window1-nchoices ave=2.4 max=3
window1-out ave=0 max=0
window2-nchoices ave=3.57143 max=6
window2-out ave=0 max=0
||||| stats |||||
KS-noise-ratio ave=2.62301 max=90.2794
KS-noise-ratio-hoist ave=640188 max=5.1215e+06
break-into-digits-ratio ave=0.317725 max=0.409735
excess-ctxtPrimes ave=11.6528 max=11.6528
excess-specialPrimes ave=0.654405 max=0.654405
mod-switch-added-noise ave=0.323905 max=0.441865
ptxt_rat_sk ave=0.00770449 max=0.00770449
ptxt_rat_sk ave=0.298622 max=0.298622
raw-mod-switch-noise ave=0.376581 max=0.376581
window1-nchoices ave=2.4 max=3
window1-out ave=0 max=0
window2-nchoices ave=3.57143 max=6
window2-out ave=0 max=0
exit=0 (IV ORDER4)
########## IV :: COMPOSED :: i=3 aux=90 h=12 t=-1 thin ##########
chosen idx = 3
encapHwt = 12
t for new bts is -1
new bts ? 1
new ks ? 1
thick bts ?0
repeat times = 1
force bsgs = 0
force hoist = 0
*** GTestFatboot: p=8191, r=1, bits=1320, t=0, c=3, m=45193 mvec=[43 1051], gens=[26276 32595], ords=[42 75]
Computing key-independent tables...using HELIB_EXPLICIT_AUX=90

t = -1
bound on I = 16.305335
log2(aux) = 6.491853
log2(beta) = 27.446094
log2(qks) >= 36.634716, final log2(qks) = 36.634751
log2(R) >= 27.445232, final log2(R) = 27.448942
INFO: total bits = 1786.76, security level = 78.5494HELIB_COMPOSED_EVAL: d=14 |folded support|=612 degQ=305 padded to n'=616
HELIB_COMPOSED_EVAL: norm form c=346 degC=44 (search 53.3286s)
deg of poly for non-power-of-p aux is 1223
security=78.5494
# small primes = 6
# ctxt primes = 23
# bits in ctxt primes = 1332
# special primes = 8
# bits in special primes = 455
scale=10
 done in 226.567 seconds
  e=0, e'=0, t=12
  m = 45193, p = 8191, phi(m) = 44100
  ord(p) = 14
  normBnd = 1.62042
  polyNormBnd = 4.65228
  factors = [43 1051]
  generator 26276 has order (== Z_m^*) of 42
  generator 32595 has order (== Z_m^*) of 75
r = 1
nslots = 3150
hwt = 120
ctxtPrimes = [6,7,8,9,10,11,12,13,14,15,16,17,18,19,20,21,22,23,24,25,26,27,28]
specialPrimes = [33,34,35,36,37,38,39,40]
number of bits = 1787

security level = 78.5494
Generating keys, Keys generated. Now genRecryptData...
computing key-dependent tables...Sparse boot key hwt = 12
genRecryptData done. recryptKeyID=1
lcAksBsgs=0 lcAksDelayed=0
Post-key setup done.
 done in 38.8852 seconds
Encrypt succeeded.
HELIB_AUX_ORDER4_EVAL skipped: cleaner does not have the required order-four support
WARNING: KS-noise-ratio = 40.3292 > 1
WARNING: KS-noise-ratio = 2.64212 > 1
WARNING: KS-noise-ratio = 1.97662 > 1
WARNING: KS-noise-ratio = 2.05519 > 1
WARNING: KS-noise-ratio = 1.85439 > 1
WARNING: KS-noise-ratio = 1.97711 > 1
WARNING: KS-noise-ratio = 100.807 > 1
WARNING: KS-noise-ratio = 2.81869 > 1
WARNING: KS-noise-ratio = 2.39166 > 1
WARNING: KS-noise-ratio = 2.65184 > 1
WARNING: KS-noise-ratio = 1.97994 > 1
WARNING: KS-noise-ratio = 1.98577 > 1
WARNING: KS-noise-ratio = 2.14909 > 1
time for linear1 = 3.783006, linear2 = 38.630294, extract = 143.949949, total = 188.427945
bits for linear1 = 51.696182, linear2 = 57.308589, extract = 321.333503, min cap = 9.188658, after cap = 907.043082, after prod = 1285.685174
cap / time = 4.490620

### summary over 1 test
time for linear1 = 3.783006, linear2 = 38.630294, extract = 143.949949, total = 188.427945
bits for linear1 = 51.696182, linear2 = 57.308589, extract = 321.333503, min cap = 9.188658, after cap = 907.043082, after prod = 1285.685174
cap / time = 4.490620


### bts finished, everything ok ###

  AAA_bootKeySwitch: 21.9377 / 1 = 21.9377   [/home/luck/xzy/0424project/github_order4_cleaner/src/HElib_auxradix_opt/src/recryption.cpp:1968]
  AAA_coeffToSlot: 18.3538 / 1 = 18.3538   [/home/luck/xzy/0424project/github_order4_cleaner/src/HElib_auxradix_opt/src/recryption.cpp:2396]
  AAA_embeddingLargest: 0.784154 / 300 = 0.00261385   [/home/luck/xzy/0424project/github_order4_cleaner/src/HElib_auxradix_opt/src/norms.cpp:250]
  AAA_embeddingLargest_x2: 0.59094 / 233 = 0.00253622   [/home/luck/xzy/0424project/github_order4_cleaner/src/HElib_auxradix_opt/src/norms.cpp:423]
  AAA_extractDigitsThin: 143.945 / 1 = 143.945   [/home/luck/xzy/0424project/github_order4_cleaner/src/HElib_auxradix_opt/src/recryption.cpp:2447]
  AAA_modDownEnbeddings: 0.697724 / 233 = 0.00299452   [/home/luck/xzy/0424project/github_order4_cleaner/src/HElib_auxradix_opt/src/Ctxt.cpp:506]
  AAA_slotToCoeff: 3.78287 / 1 = 3.78287   [/home/luck/xzy/0424project/github_order4_cleaner/src/HElib_auxradix_opt/src/recryption.cpp:1954]
  BasicAutomorphPrecon: 4.06778 / 8 = 0.508472   [/home/luck/xzy/0424project/github_order4_cleaner/src/HElib_auxradix_opt/src/matmul.cpp:90]
  BluesteinFFT: 74.4569 / 22008 = 0.00338317   [/home/luck/xzy/0424project/github_order4_cleaner/src/HElib_auxradix_opt/src/bluestein.cpp:141]
  Decrypt: 0.614073 / 1 = 0.614073   [/home/luck/xzy/0424project/github_order4_cleaner/src/HElib_auxradix_opt/src/keys.cpp:1362]
  DoubleCRT: 47.7299 / 524 = 0.0910877   [/home/luck/xzy/0424project/github_order4_cleaner/src/HElib_auxradix_opt/src/DoubleCRT.cpp:718]
  FFT: 55.0755 / 15503 = 0.00355257   [/home/luck/xzy/0424project/github_order4_cleaner/src/HElib_auxradix_opt/src/CModulus.cpp:479]
  FFT: 71.4357 / 765 = 0.0933799   [/home/luck/xzy/0424project/github_order4_cleaner/src/HElib_auxradix_opt/src/DoubleCRT.cpp:70]
  FFT: 71.4143 / 15503 = 0.00460648   [/home/luck/xzy/0424project/github_order4_cleaner/src/HElib_auxradix_opt/src/CModulus.cpp:448]
  FFT_aux: 55.0545 / 15503 = 0.00355121   [/home/luck/xzy/0424project/github_order4_cleaner/src/HElib_auxradix_opt/src/CModulus.cpp:360]
  FFT_remainder: 16.3205 / 15503 = 0.00105273   [/home/luck/xzy/0424project/github_order4_cleaner/src/HElib_auxradix_opt/src/CModulus.cpp:455]
  KS_loop: 17.0304 / 645 = 0.0264038   [/home/luck/xzy/0424project/github_order4_cleaner/src/HElib_auxradix_opt/src/Ctxt.cpp:219]
  KS_loop_1: 2.94476 / 645 = 0.00456552   [/home/luck/xzy/0424project/github_order4_cleaner/src/HElib_auxradix_opt/src/Ctxt.cpp:227]
  KS_loop_2: 2.14113 / 645 = 0.00331958   [/home/luck/xzy/0424project/github_order4_cleaner/src/HElib_auxradix_opt/src/Ctxt.cpp:231]
  KS_loop_3: 2.96062 / 645 = 0.00459011   [/home/luck/xzy/0424project/github_order4_cleaner/src/HElib_auxradix_opt/src/Ctxt.cpp:236]
  KS_loop_4: 1.06774 / 645 = 0.00165542   [/home/luck/xzy/0424project/github_order4_cleaner/src/HElib_auxradix_opt/src/Ctxt.cpp:240]
  NORM_VAL: 1.35658 / 241 = 0.00562895   [/home/luck/xzy/0424project/github_order4_cleaner/src/HElib_auxradix_opt/src/DoubleCRT.cpp:541]
  addCtxt: 19.5956 / 1628 = 0.0120366   [/home/luck/xzy/0424project/github_order4_cleaner/src/HElib_auxradix_opt/src/Ctxt.cpp:1529]
  addPart: 4.61685 / 1600 = 0.00288553   [/home/luck/xzy/0424project/github_order4_cleaner/src/HElib_auxradix_opt/src/Ctxt.cpp:976]
  addPrimes: 38.1799 / 242 = 0.157768   [/home/luck/xzy/0424project/github_order4_cleaner/src/HElib_auxradix_opt/src/DoubleCRT.cpp:625]
  addPrimes_5: 40.1424 / 241 = 0.166566   [/home/luck/xzy/0424project/github_order4_cleaner/src/HElib_auxradix_opt/src/DoubleCRT.cpp:518]
  automorph: 15.6241 / 179 = 0.0872852   [/home/luck/xzy/0424project/github_order4_cleaner/src/HElib_auxradix_opt/src/matmul.cpp:148]
  automorph: 0.078684 / 24 = 0.0032785   [/home/luck/xzy/0424project/github_order4_cleaner/src/HElib_auxradix_opt/src/Ctxt.cpp:2560]
  breakIntoDigits: 40.4181 / 87 = 0.464576   [/home/luck/xzy/0424project/github_order4_cleaner/src/HElib_auxradix_opt/src/DoubleCRT.cpp:481]
  decode: 13.5854 / 1 = 13.5854   [/home/luck/xzy/0424project/github_order4_cleaner/src/HElib_auxradix_opt/src/EncryptedArray.cpp:375]
  do_mul: 8.97638 / 2295 = 0.00391127   [/home/luck/xzy/0424project/github_order4_cleaner/src/HElib_auxradix_opt/src/DoubleCRT.cpp:280]
  extractDigitsThin: 143.945 / 1 = 143.945   [/home/luck/xzy/0424project/github_order4_cleaner/src/HElib_auxradix_opt/src/recryption.cpp:1597]
  iFFT: 36.6298 / 6505 = 0.00563102   [/home/luck/xzy/0424project/github_order4_cleaner/src/HElib_auxradix_opt/src/CModulus.cpp:488]
  iFFT_division: 13.367 / 6505 = 0.00205488   [/home/luck/xzy/0424project/github_order4_cleaner/src/HElib_auxradix_opt/src/CModulus.cpp:570]
  keySwitchPart: 43.0671 / 80 = 0.538339   [/home/luck/xzy/0424project/github_order4_cleaner/src/HElib_auxradix_opt/src/Ctxt.cpp:907]
  modDownToSet: 92.5328 / 259 = 0.357269   [/home/luck/xzy/0424project/github_order4_cleaner/src/HElib_auxradix_opt/src/Ctxt.cpp:409]
  mul_MatMul1DExec: 37.7379 / 6 = 6.28964   [/home/luck/xzy/0424project/github_order4_cleaner/src/HElib_auxradix_opt/src/matmul.cpp:1155]
  multByConstant: 2.14342 / 352 = 0.00608927   [/home/luck/xzy/0424project/github_order4_cleaner/src/HElib_auxradix_opt/src/Ctxt.cpp:1955]
  multByConstant: 0.105178 / 1 = 0.105178   [/home/luck/xzy/0424project/github_order4_cleaner/src/HElib_auxradix_opt/src/Ctxt.cpp:1981]
  multLowLvl: 60.7806 / 75 = 0.810408   [/home/luck/xzy/0424project/github_order4_cleaner/src/HElib_auxradix_opt/src/Ctxt.cpp:1804]
  multiplyBy: 54.5471 / 32 = 1.7046   [/home/luck/xzy/0424project/github_order4_cleaner/src/HElib_auxradix_opt/src/Ctxt.cpp:1880]
  privateAssign: 4.75033 / 889 = 0.00534345   [/home/luck/xzy/0424project/github_order4_cleaner/src/HElib_auxradix_opt/src/Ctxt.cpp:329]
  randomize: 6.49056 / 645 = 0.0100629   [/home/luck/xzy/0424project/github_order4_cleaner/src/HElib_auxradix_opt/src/DoubleCRT.cpp:1318]
  randomize_stream: 3.62196 / 3698998 = 9.79172e-07   [/home/luck/xzy/0424project/github_order4_cleaner/src/HElib_auxradix_opt/src/DoubleCRT.cpp:1348]
  reLinearize: 69.9899 / 144 = 0.486041   [/home/luck/xzy/0424project/github_order4_cleaner/src/HElib_auxradix_opt/src/Ctxt.cpp:736]
  smartAutomorph: 10.6838 / 24 = 0.445158   [/home/luck/xzy/0424project/github_order4_cleaner/src/HElib_auxradix_opt/src/Ctxt.cpp:2585]
  thinReCrypt: 188.426 / 1 = 188.426   [/home/luck/xzy/0424project/github_order4_cleaner/src/HElib_auxradix_opt/src/recryption.cpp:1872]
  toPoly: 51.699 / 765 = 0.0675804   [/home/luck/xzy/0424project/github_order4_cleaner/src/HElib_auxradix_opt/src/DoubleCRT.cpp:985]
  toPoly_CRT: 8.73129 / 765 = 0.0114135   [/home/luck/xzy/0424project/github_order4_cleaner/src/HElib_auxradix_opt/src/DoubleCRT.cpp:1052]
  toPoly_FFT: 42.3426 / 765 = 0.0553499   [/home/luck/xzy/0424project/github_order4_cleaner/src/HElib_auxradix_opt/src/DoubleCRT.cpp:1030]
  rusage.ru_maxrss=8869920
||||| stats |||||
KS-noise-ratio ave=2.08257 max=100.807
KS-noise-ratio-hoist ave=605647 max=4.84517e+06
break-into-digits-ratio ave=0.320473 max=0.383015
excess-ctxtPrimes ave=11.6528 max=11.6528
excess-specialPrimes ave=0.654405 max=0.654405
mod-switch-added-noise ave=0.323657 max=0.383781
ptxt_rat_sk ave=0.0081873 max=0.0081873
ptxt_rat_sk ave=0.322543 max=0.322543
raw-mod-switch-noise ave=0.320875 max=0.320875
window1-nchoices ave=2.4 max=3
window1-out ave=0 max=0
window2-nchoices ave=3.35714 max=6
window2-out ave=0 max=0
||||| stats |||||
KS-noise-ratio ave=2.08257 max=100.807
KS-noise-ratio-hoist ave=605647 max=4.84517e+06
break-into-digits-ratio ave=0.320473 max=0.383015
excess-ctxtPrimes ave=11.6528 max=11.6528
excess-specialPrimes ave=0.654405 max=0.654405
mod-switch-added-noise ave=0.323657 max=0.383781
ptxt_rat_sk ave=0.0081873 max=0.0081873
ptxt_rat_sk ave=0.322543 max=0.322543
raw-mod-switch-noise ave=0.320875 max=0.320875
window1-nchoices ave=2.4 max=3
window1-out ave=0 max=0
window2-nchoices ave=3.35714 max=6
window2-out ave=0 max=0
exit=0 (IV COMPOSED)
########## IV :: ZHAO :: i=3 h=12 t=1 thin ##########
chosen idx = 3
encapHwt = 12
t for new bts is 1
new bts ? 1
new ks ? 1
thick bts ?0
repeat times = 1
*** GTestFatboot: p=8191, r=1, bits=1320, t=0, c=3, m=45193 mvec=[43 1051], gens=[26276 32595], ords=[42 75]
Computing key-independent tables...
t = 1
bound on I = 16.305335
log2(aux) = 12.999824
log2(beta) = 27.446094
log2(qks) >= 43.142686, final log2(qks) = 43.142687
log2(R) >= 29.614543, final log2(R) = 29.617522
INFO: total bits = 1802.68, security level = 78.0208enew = 2
degs of poly for the first row and its null poly are 8191 / 70
security=78.0208
# small primes = 6
# ctxt primes = 23
# bits in ctxt primes = 1332
# special primes = 8
# bits in special primes = 471
scale=10
 done in 184.015 seconds
  e=0, e'=0, t=12
  m = 45193, p = 8191, phi(m) = 44100
  ord(p) = 14
  normBnd = 1.62042
  polyNormBnd = 4.65228
  factors = [43 1051]
  generator 26276 has order (== Z_m^*) of 42
  generator 32595 has order (== Z_m^*) of 75
r = 1
nslots = 3150
hwt = 120
ctxtPrimes = [6,7,8,9,10,11,12,13,14,15,16,17,18,19,20,21,22,23,24,25,26,27,28]
specialPrimes = [33,34,35,36,37,38,39,40]
number of bits = 1803

security level = 78.0208
Generating keys, computing key-dependent tables...Sparse boot key hwt = 12
 done in 36.0114 seconds
time for linear1 = 3.499209, linear2 = 18.387332, extract = 0.000000, total = 23.641827
bits for linear1 = 51.679769, linear2 = 88.712260, extract = 0.000000, min cap = 15.696593, after cap = 1205.649318, after prod = 1294.361578
cap / time = 48.146573
0 is bad
1 is bad
2 is bad
3 is bad
4 is bad
5 is bad
6 is bad
7 is bad
8 is bad
9 is bad
10 is bad
11 is bad
12 is bad
13 is bad
14 is bad
15 is bad
16 is bad
17 is bad
18 is bad
19 is bad
20 is bad
21 is bad
22 is bad
23 is bad
24 is bad
25 is bad
26 is bad
27 is bad
28 is bad
29 is bad
30 is bad
31 is bad
32 is bad
33 is bad
34 is bad
35 is bad
36 is bad
37 is bad
38 is bad
39 is bad
40 is bad
41 is bad
42 is bad
43 is bad
44 is bad
45 is bad
46 is bad
47 is bad
48 is bad
49 is bad
50 is bad
51 is bad
52 is bad
53 is bad
54 is bad
55 is bad
56 is bad
57 is bad
58 is bad
59 is bad
60 is bad
61 is bad
62 is bad
63 is bad
64 is bad
65 is bad
66 is bad
67 is bad
68 is bad
69 is bad
70 is bad
71 is bad
72 is bad
73 is bad
74 is bad
75 is bad
76 is bad
77 is bad
78 is bad
79 is bad
80 is bad
81 is bad
82 is bad
83 is bad
84 is bad
85 is bad
86 is bad
87 is bad
88 is bad
89 is bad
90 is bad
91 is bad
92 is bad
93 is bad
94 is bad
95 is bad
96 is bad
97 is bad
98 is bad
99 is bad
100 is bad
101 is bad
102 is bad
103 is bad
104 is bad
105 is bad
106 is bad
107 is bad
108 is bad
109 is bad
110 is bad
111 is bad
112 is bad
113 is bad
114 is bad
115 is bad
116 is bad
117 is bad
118 is bad
119 is bad
120 is bad
121 is bad
122 is bad
123 is bad
124 is bad
125 is bad
126 is bad
127 is bad
128 is bad
129 is bad
130 is bad
131 is bad
132 is bad
133 is bad
134 is bad
135 is bad
136 is bad
137 is bad
138 is bad
139 is bad
140 is bad
141 is bad
142 is bad
143 is bad
144 is bad
145 is bad
146 is bad
147 is bad
148 is bad
149 is bad
150 is bad
151 is bad
152 is bad
153 is bad
154 is bad
155 is bad
156 is bad
157 is bad
158 is bad
159 is bad
160 is bad
161 is bad
162 is bad
163 is bad
164 is bad
165 is bad
166 is bad
167 is bad
168 is bad
169 is bad
170 is bad
171 is bad
172 is bad
173 is bad
174 is bad
175 is bad
176 is bad
177 is bad
178 is bad
179 is bad
180 is bad
181 is bad
182 is bad
183 is bad
184 is bad
185 is bad
186 is bad
187 is bad
188 is bad
189 is bad
190 is bad
191 is bad
192 is bad
193 is bad
194 is bad
195 is bad
196 is bad
197 is bad
198 is bad
199 is bad
200 is bad
201 is bad
202 is bad
203 is bad
204 is bad
205 is bad
206 is bad
207 is bad
208 is bad
209 is bad
210 is bad
211 is bad
212 is bad
213 is bad
214 is bad
215 is bad
216 is bad
217 is bad
218 is bad
219 is bad
220 is bad
221 is bad
222 is bad
223 is bad
224 is bad
225 is bad
226 is bad
227 is bad
228 is bad
229 is bad
230 is bad
231 is bad
232 is bad
233 is bad
234 is bad
235 is bad
236 is bad
237 is bad
238 is bad
239 is bad
240 is bad
241 is bad
242 is bad
243 is bad
244 is bad
245 is bad
246 is bad
247 is bad
248 is bad
249 is bad
250 is bad
251 is bad
252 is bad
253 is bad
254 is bad
255 is bad
256 is bad
257 is bad
258 is bad
259 is bad
260 is bad
261 is bad
262 is bad
263 is bad
264 is bad
265 is bad
266 is bad
267 is bad
268 is bad
269 is bad
270 is bad
271 is bad
272 is bad
273 is bad
274 is bad
275 is bad
276 is bad
277 is bad
278 is bad
279 is bad
280 is bad
281 is bad
282 is bad
283 is bad
284 is bad
285 is bad
286 is bad
287 is bad
288 is bad
289 is bad
290 is bad
291 is bad
292 is bad
293 is bad
294 is bad
295 is bad
296 is bad
297 is bad
298 is bad
299 is bad
300 is bad
301 is bad
302 is bad
303 is bad
304 is bad
305 is bad
306 is bad
307 is bad
308 is bad
309 is bad
310 is bad
311 is bad
312 is bad
313 is bad
314 is bad
315 is bad
316 is bad
317 is bad
318 is bad
319 is bad
320 is bad
321 is bad
322 is bad
323 is bad
324 is bad
325 is bad
326 is bad
327 is bad
328 is bad
329 is bad
330 is bad
331 is bad
332 is bad
333 is bad
334 is bad
335 is bad
336 is bad
337 is bad
338 is bad
339 is bad
340 is bad
341 is bad
342 is bad
343 is bad
344 is bad
345 is bad
346 is bad
347 is bad
348 is bad
349 is bad
350 is bad
351 is bad
352 is bad
353 is bad
354 is bad
355 is bad
356 is bad
357 is bad
358 is bad
359 is bad
360 is bad
361 is bad
362 is bad
363 is bad
364 is bad
365 is bad
366 is bad
367 is bad
368 is bad
369 is bad
370 is bad
371 is bad
372 is bad
373 is bad
374 is bad
375 is bad
376 is bad
377 is bad
378 is bad
379 is bad
380 is bad
381 is bad
382 is bad
383 is bad
384 is bad
385 is bad
386 is bad
387 is bad
388 is bad
389 is bad
390 is bad
391 is bad
392 is bad
393 is bad
394 is bad
395 is bad
396 is bad
397 is bad
398 is bad
399 is bad
400 is bad
401 is bad
402 is bad
403 is bad
404 is bad
405 is bad
406 is bad
407 is bad
408 is bad
409 is bad
410 is bad
411 is bad
412 is bad
413 is bad
414 is bad
415 is bad
416 is bad
417 is bad
418 is bad
419 is bad
420 is bad
421 is bad
422 is bad
423 is bad
424 is bad
425 is bad
426 is bad
427 is bad
428 is bad
429 is bad
430 is bad
431 is bad
432 is bad
433 is bad
434 is bad
435 is bad
436 is bad
437 is bad
438 is bad
439 is bad
440 is bad
441 is bad
442 is bad
443 is bad
444 is bad
445 is bad
446 is bad
447 is bad
448 is bad
449 is bad
450 is bad
451 is bad
452 is bad
453 is bad
454 is bad
455 is bad
456 is bad
457 is bad
458 is bad
459 is bad
460 is bad
461 is bad
462 is bad
463 is bad
464 is bad
465 is bad
466 is bad
467 is bad
468 is bad
469 is bad
470 is bad
471 is bad
472 is bad
473 is bad
474 is bad
475 is bad
476 is bad
477 is bad
478 is bad
479 is bad
480 is bad
481 is bad
482 is bad
483 is bad
484 is bad
485 is bad
486 is bad
487 is bad
488 is bad
489 is bad
490 is bad
491 is bad
492 is bad
493 is bad
494 is bad
495 is bad
496 is bad
497 is bad
498 is bad
499 is bad
500 is bad
501 is bad
502 is bad
503 is bad
504 is bad
505 is bad
506 is bad
507 is bad
508 is bad
509 is bad
510 is bad
511 is bad
512 is bad
513 is bad
514 is bad
515 is bad
516 is bad
517 is bad
518 is bad
519 is bad
520 is bad
521 is bad
522 is bad
523 is bad
524 is bad
525 is bad
526 is bad
527 is bad
528 is bad
529 is bad
530 is bad
531 is bad
532 is bad
533 is bad
534 is bad
535 is bad
536 is bad
537 is bad
538 is bad
539 is bad
540 is bad
541 is bad
542 is bad
543 is bad
544 is bad
545 is bad
546 is bad
547 is bad
548 is bad
549 is bad
550 is bad
551 is bad
552 is bad
553 is bad
554 is bad
555 is bad
556 is bad
557 is bad
558 is bad
559 is bad
560 is bad
561 is bad
562 is bad
563 is bad
564 is bad
565 is bad
566 is bad
567 is bad
568 is bad
569 is bad
570 is bad
571 is bad
572 is bad
573 is bad
574 is bad
575 is bad
576 is bad
577 is bad
578 is bad
579 is bad
580 is bad
581 is bad
582 is bad
583 is bad
584 is bad
585 is bad
586 is bad
587 is bad
588 is bad
589 is bad
590 is bad
591 is bad
592 is bad
593 is bad
594 is bad
595 is bad
596 is bad
597 is bad
598 is bad
599 is bad
600 is bad
601 is bad
602 is bad
603 is bad
604 is bad
605 is bad
606 is bad
607 is bad
608 is bad
609 is bad
610 is bad
611 is bad
612 is bad
613 is bad
614 is bad
615 is bad
616 is bad
617 is bad
618 is bad
619 is bad
620 is bad
621 is bad
622 is bad
623 is bad
624 is bad
625 is bad
626 is bad
627 is bad
628 is bad
629 is bad
630 is bad
631 is bad
632 is bad
633 is bad
634 is bad
635 is bad
636 is bad
637 is bad
638 is bad
639 is bad
640 is bad
641 is bad
642 is bad
643 is bad
644 is bad
645 is bad
646 is bad
647 is bad
648 is bad
649 is bad
650 is bad
651 is bad
652 is bad
653 is bad
654 is bad
655 is bad
656 is bad
657 is bad
658 is bad
659 is bad
660 is bad
661 is bad
662 is bad
663 is bad
664 is bad
665 is bad
666 is bad
667 is bad
668 is bad
669 is bad
670 is bad
671 is bad
672 is bad
673 is bad
674 is bad
675 is bad
676 is bad
677 is bad
678 is bad
679 is bad
680 is bad
681 is bad
682 is bad
683 is bad
684 is bad
685 is bad
686 is bad
687 is bad
688 is bad
689 is bad
690 is bad
691 is bad
692 is bad
693 is bad
694 is bad
695 is bad
696 is bad
697 is bad
698 is bad
699 is bad
700 is bad
701 is bad
702 is bad
703 is bad
704 is bad
705 is bad
706 is bad
707 is bad
708 is bad
709 is bad
710 is bad
711 is bad
712 is bad
713 is bad
714 is bad
715 is bad
716 is bad
717 is bad
718 is bad
719 is bad
720 is bad
721 is bad
722 is bad
723 is bad
724 is bad
725 is bad
726 is bad
727 is bad
728 is bad
729 is bad
730 is bad
731 is bad
732 is bad
733 is bad
734 is bad
735 is bad
736 is bad
737 is bad
738 is bad
739 is bad
740 is bad
741 is bad
742 is bad
743 is bad
744 is bad
745 is bad
746 is bad
747 is bad
748 is bad
749 is bad
750 is bad
751 is bad
752 is bad
753 is bad
754 is bad
755 is bad
756 is bad
757 is bad
758 is bad
759 is bad
760 is bad
761 is bad
762 is bad
763 is bad
764 is bad
765 is bad
766 is bad
767 is bad
768 is bad
769 is bad
770 is bad
771 is bad
772 is bad
773 is bad
774 is bad
775 is bad
776 is bad
777 is bad
778 is bad
779 is bad
780 is bad
781 is bad
782 is bad
783 is bad
784 is bad
785 is bad
786 is bad
787 is bad
788 is bad
789 is bad
790 is bad
791 is bad
792 is bad
793 is bad
794 is bad
795 is bad
796 is bad
797 is bad
798 is bad
799 is bad
800 is bad
801 is bad
802 is bad
803 is bad
804 is bad
805 is bad
806 is bad
807 is bad
808 is bad
809 is bad
810 is bad
811 is bad
812 is bad
813 is bad
814 is bad
815 is bad
816 is bad
817 is bad
818 is bad
819 is bad
820 is bad
821 is bad
822 is bad
823 is bad
824 is bad
825 is bad
826 is bad
827 is bad
828 is bad
829 is bad
830 is bad
831 is bad
832 is bad
833 is bad
834 is bad
835 is bad
836 is bad
837 is bad
838 is bad
839 is bad
840 is bad
841 is bad
842 is bad
843 is bad
844 is bad
845 is bad
846 is bad
847 is bad
848 is bad
849 is bad
850 is bad
851 is bad
852 is bad
853 is bad
854 is bad
855 is bad
856 is bad
857 is bad
858 is bad
859 is bad
860 is bad
861 is bad
862 is bad
863 is bad
864 is bad
865 is bad
866 is bad
867 is bad
868 is bad
869 is bad
870 is bad
871 is bad
872 is bad
873 is bad
874 is bad
875 is bad
876 is bad
877 is bad
878 is bad
879 is bad
880 is bad
881 is bad
882 is bad
883 is bad
884 is bad
885 is bad
886 is bad
887 is bad
888 is bad
889 is bad
890 is bad
891 is bad
892 is bad
893 is bad
894 is bad
895 is bad
896 is bad
897 is bad
898 is bad
899 is bad
900 is bad
901 is bad
902 is bad
903 is bad
904 is bad
905 is bad
906 is bad
907 is bad
908 is bad
909 is bad
910 is bad
911 is bad
912 is bad
913 is bad
914 is bad
915 is bad
916 is bad
917 is bad
918 is bad
919 is bad
920 is bad
921 is bad
922 is bad
923 is bad
924 is bad
925 is bad
926 is bad
927 is bad
928 is bad
929 is bad
930 is bad
931 is bad
932 is bad
933 is bad
934 is bad
935 is bad
936 is bad
937 is bad
938 is bad
939 is bad
940 is bad
941 is bad
942 is bad
943 is bad
944 is bad
945 is bad
946 is bad
947 is bad
948 is bad
949 is bad
950 is bad
951 is bad
952 is bad
953 is bad
954 is bad
955 is bad
956 is bad
957 is bad
958 is bad
959 is bad
960 is bad
961 is bad
962 is bad
963 is bad
964 is bad
965 is bad
966 is bad
967 is bad
968 is bad
969 is bad
970 is bad
971 is bad
972 is bad
973 is bad
974 is bad
975 is bad
976 is bad
977 is bad
978 is bad
979 is bad
980 is bad
981 is bad
982 is bad
983 is bad
984 is bad
985 is bad
986 is bad
987 is bad
988 is bad
989 is bad
990 is bad
991 is bad
992 is bad
993 is bad
994 is bad
995 is bad
996 is bad
997 is bad
998 is bad
999 is bad
1000 is bad
1001 is bad
1002 is bad
1003 is bad
1004 is bad
1005 is bad
1006 is bad
1007 is bad
1008 is bad
1009 is bad
1010 is bad
1011 is bad
1012 is bad
1013 is bad
1014 is bad
1015 is bad
1016 is bad
1017 is bad
1018 is bad
1019 is bad
1020 is bad
1021 is bad
1022 is bad
1023 is bad
1024 is bad
1025 is bad
1026 is bad
1027 is bad
1028 is bad
1029 is bad
1030 is bad
1031 is bad
1032 is bad
1033 is bad
1034 is bad
1035 is bad
1036 is bad
1037 is bad
1038 is bad
1039 is bad
1040 is bad
1041 is bad
1042 is bad
1043 is bad
1044 is bad
1045 is bad
1046 is bad
1047 is bad
1048 is bad
1049 is bad
1050 is bad
1051 is bad
1052 is bad
1053 is bad
1054 is bad
1055 is bad
1056 is bad
1057 is bad
1058 is bad
1059 is bad
1060 is bad
1061 is bad
1062 is bad
1063 is bad
1064 is bad
1065 is bad
1066 is bad
1067 is bad
1068 is bad
1069 is bad
1070 is bad
1071 is bad
1072 is bad
1073 is bad
1074 is bad
1075 is bad
1076 is bad
1077 is bad
1078 is bad
1079 is bad
1080 is bad
1081 is bad
1082 is bad
1083 is bad
1084 is bad
1085 is bad
1086 is bad
1087 is bad
1088 is bad
1089 is bad
1090 is bad
1091 is bad
1092 is bad
1093 is bad
1094 is bad
1095 is bad
1096 is bad
1097 is bad
1098 is bad
1099 is bad
1100 is bad
1101 is bad
1102 is bad
1103 is bad
1104 is bad
1105 is bad
1106 is bad
1107 is bad
1108 is bad
1109 is bad
1110 is bad
1111 is bad
1112 is bad
1113 is bad
1114 is bad
1115 is bad
1116 is bad
1117 is bad
1118 is bad
1119 is bad
1120 is bad
1121 is bad
1122 is bad
1123 is bad
1124 is bad
1125 is bad
1126 is bad
1127 is bad
1128 is bad
1129 is bad
1130 is bad
1131 is bad
1132 is bad
1133 is bad
1134 is bad
1135 is bad
1136 is bad
1137 is bad
1138 is bad
1139 is bad
1140 is bad
1141 is bad
1142 is bad
1143 is bad
1144 is bad
1145 is bad
1146 is bad
1147 is bad
1148 is bad
1149 is bad
1150 is bad
1151 is bad
1152 is bad
1153 is bad
1154 is bad
1155 is bad
1156 is bad
1157 is bad
1158 is bad
1159 is bad
1160 is bad
1161 is bad
1162 is bad
1163 is bad
1164 is bad
1165 is bad
1166 is bad
1167 is bad
1168 is bad
1169 is bad
1170 is bad
1171 is bad
1172 is bad
1173 is bad
1174 is bad
1175 is bad
1176 is bad
1177 is bad
1178 is bad
1179 is bad
1180 is bad
1181 is bad
1182 is bad
1183 is bad
1184 is bad
1185 is bad
1186 is bad
1187 is bad
1188 is bad
1189 is bad
1190 is bad
1191 is bad
1192 is bad
1193 is bad
1194 is bad
1195 is bad
1196 is bad
1197 is bad
1198 is bad
1199 is bad
1200 is bad
1201 is bad
1202 is bad
1203 is bad
1204 is bad
1205 is bad
1206 is bad
1207 is bad
1208 is bad
1209 is bad
1210 is bad
1211 is bad
1212 is bad
1213 is bad
1214 is bad
1215 is bad
1216 is bad
1217 is bad
1218 is bad
1219 is bad
1220 is bad
1221 is bad
1222 is bad
1223 is bad
1224 is bad
1225 is bad
1226 is bad
1227 is bad
1228 is bad
1229 is bad
1230 is bad
1231 is bad
1232 is bad
1233 is bad
1234 is bad
1235 is bad
1236 is bad
1237 is bad
1238 is bad
1239 is bad
1240 is bad
1241 is bad
1242 is bad
1243 is bad
1244 is bad
1245 is bad
1246 is bad
1247 is bad
1248 is bad
1249 is bad
1250 is bad
1251 is bad
1252 is bad
1253 is bad
1254 is bad
1255 is bad
1256 is bad
1257 is bad
1258 is bad
1259 is bad
1260 is bad
1261 is bad
1262 is bad
1263 is bad
1264 is bad
1265 is bad
1266 is bad
1267 is bad
1268 is bad
1269 is bad
1270 is bad
1271 is bad
1272 is bad
1273 is bad
1274 is bad
1275 is bad
1276 is bad
1277 is bad
1278 is bad
1279 is bad
1280 is bad
1281 is bad
1282 is bad
1283 is bad
1284 is bad
1285 is bad
1286 is bad
1287 is bad
1288 is bad
1289 is bad
1290 is bad
1291 is bad
1292 is bad
1293 is bad
1294 is bad
1295 is bad
1296 is bad
1297 is bad
1298 is bad
1299 is bad
1300 is bad
1301 is bad
1302 is bad
1303 is bad
1304 is bad
1305 is bad
1306 is bad
1307 is bad
1308 is bad
1309 is bad
1310 is bad
1311 is bad
1312 is bad
1313 is bad
1314 is bad
1315 is bad
1316 is bad
1317 is bad
1318 is bad
1319 is bad
1320 is bad
1321 is bad
1322 is bad
1323 is bad
1324 is bad
1325 is bad
1326 is bad
1327 is bad
1328 is bad
1329 is bad
1330 is bad
1331 is bad
1332 is bad
1333 is bad
1334 is bad
1335 is bad
1336 is bad
1337 is bad
1338 is bad
1339 is bad
1340 is bad
1341 is bad
1342 is bad
1343 is bad
1344 is bad
1345 is bad
1346 is bad
1347 is bad
1348 is bad
1349 is bad
1350 is bad
1351 is bad
1352 is bad
1353 is bad
1354 is bad
1355 is bad
1356 is bad
1357 is bad
1358 is bad
1359 is bad
1360 is bad
1361 is bad
1362 is bad
1363 is bad
1364 is bad
1365 is bad
1366 is bad
1367 is bad
1368 is bad
1369 is bad
1370 is bad
1371 is bad
1372 is bad
1373 is bad
1374 is bad
1375 is bad
1376 is bad
1377 is bad
1378 is bad
1379 is bad
1380 is bad
1381 is bad
1382 is bad
1383 is bad
1384 is bad
1385 is bad
1386 is bad
1387 is bad
1388 is bad
1389 is bad
1390 is bad
1391 is bad
1392 is bad
1393 is bad
1394 is bad
1395 is bad
1396 is bad
1397 is bad
1398 is bad
1399 is bad
1400 is bad
1401 is bad
1402 is bad
1403 is bad
1404 is bad
1405 is bad
1406 is bad
1407 is bad
1408 is bad
1409 is bad
1410 is bad
1411 is bad
1412 is bad
1413 is bad
1414 is bad
1415 is bad
1416 is bad
1417 is bad
1418 is bad
1419 is bad
1420 is bad
1421 is bad
1422 is bad
1423 is bad
1424 is bad
1425 is bad
1426 is bad
1427 is bad
1428 is bad
1429 is bad
1430 is bad
1431 is bad
1432 is bad
1433 is bad
1434 is bad
1435 is bad
1436 is bad
1437 is bad
1438 is bad
1439 is bad
1440 is bad
1441 is bad
1442 is bad
1443 is bad
1444 is bad
1445 is bad
1446 is bad
1447 is bad
1448 is bad
1449 is bad
1450 is bad
1451 is bad
1452 is bad
1453 is bad
1454 is bad
1455 is bad
1456 is bad
1457 is bad
1458 is bad
1459 is bad
1460 is bad
1461 is bad
1462 is bad
1463 is bad
1464 is bad
1465 is bad
1466 is bad
1467 is bad
1468 is bad
1469 is bad
1470 is bad
1471 is bad
1472 is bad
1473 is bad
1474 is bad
1475 is bad
1476 is bad
1477 is bad
1478 is bad
1479 is bad
1480 is bad
1481 is bad
1482 is bad
1483 is bad
1484 is bad
1485 is bad
1486 is bad
1487 is bad
1488 is bad
1489 is bad
1490 is bad
1491 is bad
1492 is bad
1493 is bad
1494 is bad
1495 is bad
1496 is bad
1497 is bad
1498 is bad
1499 is bad
1500 is bad
1501 is bad
1502 is bad
1503 is bad
1504 is bad
1505 is bad
1506 is bad
1507 is bad
1508 is bad
1509 is bad
1510 is bad
1511 is bad
1512 is bad
1513 is bad
1514 is bad
1515 is bad
1516 is bad
1517 is bad
1518 is bad
1519 is bad
1520 is bad
1521 is bad
1522 is bad
1523 is bad
1524 is bad
1525 is bad
1526 is bad
1527 is bad
1528 is bad
1529 is bad
1530 is bad
1531 is bad
1532 is bad
1533 is bad
1534 is bad
1535 is bad
1536 is bad
1537 is bad
1538 is bad
1539 is bad
1540 is bad
1541 is bad
1542 is bad
1543 is bad
1544 is bad
1545 is bad
1546 is bad
1547 is bad
1548 is bad
1549 is bad
1550 is bad
1551 is bad
1552 is bad
1553 is bad
1554 is bad
1555 is bad
1556 is bad
1557 is bad
1558 is bad
1559 is bad
1560 is bad
1561 is bad
1562 is bad
1563 is bad
1564 is bad
1565 is bad
1566 is bad
1567 is bad
1568 is bad
1569 is bad
1570 is bad
1571 is bad
1572 is bad
1573 is bad
1574 is bad
1575 is bad
1576 is bad
1577 is bad
1578 is bad
1579 is bad
1580 is bad
1581 is bad
1582 is bad
1583 is bad
1584 is bad
1585 is bad
1586 is bad
1587 is bad
1588 is bad
1589 is bad
1590 is bad
1591 is bad
1592 is bad
1593 is bad
1594 is bad
1595 is bad
1596 is bad
1597 is bad
1598 is bad
1599 is bad
1600 is bad
1601 is bad
1602 is bad
1603 is bad
1604 is bad
1605 is bad
1606 is bad
1607 is bad
1608 is bad
1609 is bad
1610 is bad
1611 is bad
1612 is bad
1613 is bad
1614 is bad
1615 is bad
1616 is bad
1617 is bad
1618 is bad
1619 is bad
1620 is bad
1621 is bad
1622 is bad
1623 is bad
1624 is bad
1625 is bad
1626 is bad
1627 is bad
1628 is bad
1629 is bad
1630 is bad
1631 is bad
1632 is bad
1633 is bad
1634 is bad
1635 is bad
1636 is bad
1637 is bad
1638 is bad
1639 is bad
1640 is bad
1641 is bad
1642 is bad
1643 is bad
1644 is bad
1645 is bad
1646 is bad
1647 is bad
1648 is bad
1649 is bad
1650 is bad
1651 is bad
1652 is bad
1653 is bad
1654 is bad
1655 is bad
1656 is bad
1657 is bad
1658 is bad
1659 is bad
1660 is bad
1661 is bad
1662 is bad
1663 is bad
1664 is bad
1665 is bad
1666 is bad
1667 is bad
1668 is bad
1669 is bad
1670 is bad
1671 is bad
1672 is bad
1673 is bad
1674 is bad
1675 is bad
1676 is bad
1677 is bad
1678 is bad
1679 is bad
1680 is bad
1681 is bad
1682 is bad
1683 is bad
1684 is bad
1685 is bad
1686 is bad
1687 is bad
1688 is bad
1689 is bad
1690 is bad
1691 is bad
1692 is bad
1693 is bad
1694 is bad
1695 is bad
1696 is bad
1697 is bad
1698 is bad
1699 is bad
1700 is bad
1701 is bad
1702 is bad
1703 is bad
1704 is bad
1705 is bad
1706 is bad
1707 is bad
1708 is bad
1709 is bad
1710 is bad
1711 is bad
1712 is bad
1713 is bad
1714 is bad
1715 is bad
1716 is bad
1717 is bad
1718 is bad
1719 is bad
1720 is bad
1721 is bad
1722 is bad
1723 is bad
1724 is bad
1725 is bad
1726 is bad
1727 is bad
1728 is bad
1729 is bad
1730 is bad
1731 is bad
1732 is bad
1733 is bad
1734 is bad
1735 is bad
1736 is bad
1737 is bad
1738 is bad
1739 is bad
1740 is bad
1741 is bad
1742 is bad
1743 is bad
1744 is bad
1745 is bad
1746 is bad
1747 is bad
1748 is bad
1749 is bad
1750 is bad
1751 is bad
1752 is bad
1753 is bad
1754 is bad
1755 is bad
1756 is bad
1757 is bad
1758 is bad
1759 is bad
1760 is bad
1761 is bad
1762 is bad
1763 is bad
1764 is bad
1765 is bad
1766 is bad
1767 is bad
1768 is bad
1769 is bad
1770 is bad
1771 is bad
1772 is bad
1773 is bad
1774 is bad
1775 is bad
1776 is bad
1777 is bad
1778 is bad
1779 is bad
1780 is bad
1781 is bad
1782 is bad
1783 is bad
1784 is bad
1785 is bad
1786 is bad
1787 is bad
1788 is bad
1789 is bad
1790 is bad
1791 is bad
1792 is bad
1793 is bad
1794 is bad
1795 is bad
1796 is bad
1797 is bad
1798 is bad
1799 is bad
1800 is bad
1801 is bad
1802 is bad
1803 is bad
1804 is bad
1805 is bad
1806 is bad
1807 is bad
1808 is bad
1809 is bad
1810 is bad
1811 is bad
1812 is bad
1813 is bad
1814 is bad
1815 is bad
1816 is bad
1817 is bad
1818 is bad
1819 is bad
1820 is bad
1821 is bad
1822 is bad
1823 is bad
1824 is bad
1825 is bad
1826 is bad
1827 is bad
1828 is bad
1829 is bad
1830 is bad
1831 is bad
1832 is bad
1833 is bad
1834 is bad
1835 is bad
1836 is bad
1837 is bad
1838 is bad
1839 is bad
1840 is bad
1841 is bad
1842 is bad
1843 is bad
1844 is bad
1845 is bad
1846 is bad
1847 is bad
1848 is bad
1849 is bad
1850 is bad
1851 is bad
1852 is bad
1853 is bad
1854 is bad
1855 is bad
1856 is bad
1857 is bad
1858 is bad
1859 is bad
1860 is bad
1861 is bad
1862 is bad
1863 is bad
1864 is bad
1865 is bad
1866 is bad
1867 is bad
1868 is bad
1869 is bad
1870 is bad
1871 is bad
1872 is bad
1873 is bad
1874 is bad
1875 is bad
1876 is bad
1877 is bad
1878 is bad
1879 is bad
1880 is bad
1881 is bad
1882 is bad
1883 is bad
1884 is bad
1885 is bad
1886 is bad
1887 is bad
1888 is bad
1889 is bad
1890 is bad
1891 is bad
1892 is bad
1893 is bad
1894 is bad
1895 is bad
1896 is bad
1897 is bad
1898 is bad
1899 is bad
1900 is bad
1901 is bad
1902 is bad
1903 is bad
1904 is bad
1905 is bad
1906 is bad
1907 is bad
1908 is bad
1909 is bad
1910 is bad
1911 is bad
1912 is bad
1913 is bad
1914 is bad
1915 is bad
1916 is bad
1917 is bad
1918 is bad
1919 is bad
1920 is bad
1921 is bad
1922 is bad
1923 is bad
1924 is bad
1925 is bad
1926 is bad
1927 is bad
1928 is bad
1929 is bad
1930 is bad
1931 is bad
1932 is bad
1933 is bad
1934 is bad
1935 is bad
1936 is bad
1937 is bad
1938 is bad
1939 is bad
1940 is bad
1941 is bad
1942 is bad
1943 is bad
1944 is bad
1945 is bad
1946 is bad
1947 is bad
1948 is bad
1949 is bad
1950 is bad
1951 is bad
1952 is bad
1953 is bad
1954 is bad
1955 is bad
1956 is bad
1957 is bad
1958 is bad
1959 is bad
1960 is bad
1961 is bad
1962 is bad
1963 is bad
1964 is bad
1965 is bad
1966 is bad
1967 is bad
1968 is bad
1969 is bad
1970 is bad
1971 is bad
1972 is bad
1973 is bad
1974 is bad
1975 is bad
1976 is bad
1977 is bad
1978 is bad
1979 is bad
1980 is bad
1981 is bad
1982 is bad
1983 is bad
1984 is bad
1985 is bad
1986 is bad
1987 is bad
1988 is bad
1989 is bad
1990 is bad
1991 is bad
1992 is bad
1993 is bad
1994 is bad
1995 is bad
1996 is bad
1997 is bad
1998 is bad
1999 is bad
2000 is bad
2001 is bad
2002 is bad
2003 is bad
2004 is bad
2005 is bad
2006 is bad
2007 is bad
2008 is bad
2009 is bad
2010 is bad
2011 is bad
2012 is bad
2013 is bad
2014 is bad
2015 is bad
2016 is bad
2017 is bad
2018 is bad
2019 is bad
2020 is bad
2021 is bad
2022 is bad
2023 is bad
2024 is bad
2025 is bad
2026 is bad
2027 is bad
2028 is bad
2029 is bad
2030 is bad
2031 is bad
2032 is bad
2033 is bad
2034 is bad
2035 is bad
2036 is bad
2037 is bad
2038 is bad
2039 is bad
2040 is bad
2041 is bad
2042 is bad
2043 is bad
2044 is bad
2045 is bad
2046 is bad
2047 is bad
2048 is bad
2049 is bad
2050 is bad
2051 is bad
2052 is bad
2053 is bad
2054 is bad
2055 is bad
2056 is bad
2057 is bad
2058 is bad
2059 is bad
2060 is bad
2061 is bad
2062 is bad
2063 is bad
2064 is bad
2065 is bad
2066 is bad
2067 is bad
2068 is bad
2069 is bad
2070 is bad
2071 is bad
2072 is bad
2073 is bad
2074 is bad
2075 is bad
2076 is bad
2077 is bad
2078 is bad
2079 is bad
2080 is bad
2081 is bad
2082 is bad
2083 is bad
2084 is bad
2085 is bad
2086 is bad
2087 is bad
2088 is bad
2089 is bad
2090 is bad
2091 is bad
2092 is bad
2093 is bad
2094 is bad
2095 is bad
2096 is bad
2097 is bad
2098 is bad
2099 is bad
2100 is bad
2101 is bad
2102 is bad
2103 is bad
2104 is bad
2105 is bad
2106 is bad
2107 is bad
2108 is bad
2109 is bad
2110 is bad
2111 is bad
2112 is bad
2113 is bad
2114 is bad
2115 is bad
2116 is bad
2117 is bad
2118 is bad
2119 is bad
2120 is bad
2121 is bad
2122 is bad
2123 is bad
2124 is bad
2125 is bad
2126 is bad
2127 is bad
2128 is bad
2129 is bad
2130 is bad
2131 is bad
2132 is bad
2133 is bad
2134 is bad
2135 is bad
2136 is bad
2137 is bad
2138 is bad
2139 is bad
2140 is bad
2141 is bad
2142 is bad
2143 is bad
2144 is bad
2145 is bad
2146 is bad
2147 is bad
2148 is bad
2149 is bad
2150 is bad
2151 is bad
2152 is bad
2153 is bad
2154 is bad
2155 is bad
2156 is bad
2157 is bad
2158 is bad
2159 is bad
2160 is bad
2161 is bad
2162 is bad
2163 is bad
2164 is bad
2165 is bad
2166 is bad
2167 is bad
2168 is bad
2169 is bad
2170 is bad
2171 is bad
2172 is bad
2173 is bad
2174 is bad
2175 is bad
2176 is bad
2177 is bad
2178 is bad
2179 is bad
2180 is bad
2181 is bad
2182 is bad
2183 is bad
2184 is bad
2185 is bad
2186 is bad
2187 is bad
2188 is bad
2189 is bad
2190 is bad
2191 is bad
2192 is bad
2193 is bad
2194 is bad
2195 is bad
2196 is bad
2197 is bad
2198 is bad
2199 is bad
2200 is bad
2201 is bad
2202 is bad
2203 is bad
2204 is bad
2205 is bad
2206 is bad
2207 is bad
2208 is bad
2209 is bad
2210 is bad
2211 is bad
2212 is bad
2213 is bad
2214 is bad
2215 is bad
2216 is bad
2217 is bad
2218 is bad
2219 is bad
2220 is bad
2221 is bad
2222 is bad
2223 is bad
2224 is bad
2225 is bad
2226 is bad
2227 is bad
2228 is bad
2229 is bad
2230 is bad
2231 is bad
2232 is bad
2233 is bad
2234 is bad
2235 is bad
2236 is bad
2237 is bad
2238 is bad
2239 is bad
2240 is bad
2241 is bad
2242 is bad
2243 is bad
2244 is bad
2245 is bad
2246 is bad
2247 is bad
2248 is bad
2249 is bad
2250 is bad
2251 is bad
2252 is bad
2253 is bad
2254 is bad
2255 is bad
2256 is bad
2257 is bad
2258 is bad
2259 is bad
2260 is bad
2261 is bad
2262 is bad
2263 is bad
2264 is bad
2265 is bad
2266 is bad
2267 is bad
2268 is bad
2269 is bad
2270 is bad
2271 is bad
2272 is bad
2273 is bad
2274 is bad
2275 is bad
2276 is bad
2277 is bad
2278 is bad
2279 is bad
2280 is bad
2281 is bad
2282 is bad
2283 is bad
2284 is bad
2285 is bad
2286 is bad
2287 is bad
2288 is bad
2289 is bad
2290 is bad
2291 is bad
2292 is bad
2293 is bad
2294 is bad
2295 is bad
2296 is bad
2297 is bad
2298 is bad
2299 is bad
2300 is bad
2301 is bad
2302 is bad
2303 is bad
2304 is bad
2305 is bad
2306 is bad
2307 is bad
2308 is bad
2309 is bad
2310 is bad
2311 is bad
2312 is bad
2313 is bad
2314 is bad
2315 is bad
2316 is bad
2317 is bad
2318 is bad
2319 is bad
2320 is bad
2321 is bad
2322 is bad
2323 is bad
2324 is bad
2325 is bad
2326 is bad
2327 is bad
2328 is bad
2329 is bad
2330 is bad
2331 is bad
2332 is bad
2333 is bad
2334 is bad
2335 is bad
2336 is bad
2337 is bad
2338 is bad
2339 is bad
2340 is bad
2341 is bad
2342 is bad
2343 is bad
2344 is bad
2345 is bad
2346 is bad
2347 is bad
2348 is bad
2349 is bad
2350 is bad
2351 is bad
2352 is bad
2353 is bad
2354 is bad
2355 is bad
2356 is bad
2357 is bad
2358 is bad
2359 is bad
2360 is bad
2361 is bad
2362 is bad
2363 is bad
2364 is bad
2365 is bad
2366 is bad
2367 is bad
2368 is bad
2369 is bad
2370 is bad
2371 is bad
2372 is bad
2373 is bad
2374 is bad
2375 is bad
2376 is bad
2377 is bad
2378 is bad
2379 is bad
2380 is bad
2381 is bad
2382 is bad
2383 is bad
2384 is bad
2385 is bad
2386 is bad
2387 is bad
2388 is bad
2389 is bad
2390 is bad
2391 is bad
2392 is bad
2393 is bad
2394 is bad
2395 is bad
2396 is bad
2397 is bad
2398 is bad
2399 is bad
2400 is bad
2401 is bad
2402 is bad
2403 is bad
2404 is bad
2405 is bad
2406 is bad
2407 is bad
2408 is bad
2409 is bad
2410 is bad
2411 is bad
2412 is bad
2413 is bad
2414 is bad
2415 is bad
2416 is bad
2417 is bad
2418 is bad
2419 is bad
2420 is bad
2421 is bad
2422 is bad
2423 is bad
2424 is bad
2425 is bad
2426 is bad
2427 is bad
2428 is bad
2429 is bad
2430 is bad
2431 is bad
2432 is bad
2433 is bad
2434 is bad
2435 is bad
2436 is bad
2437 is bad
2438 is bad
2439 is bad
2440 is bad
2441 is bad
2442 is bad
2443 is bad
2444 is bad
2445 is bad
2446 is bad
2447 is bad
2448 is bad
2449 is bad
2450 is bad
2451 is bad
2452 is bad
2453 is bad
2454 is bad
2455 is bad
2456 is bad
2457 is bad
2458 is bad
2459 is bad
2460 is bad
2461 is bad
2462 is bad
2463 is bad
2464 is bad
2465 is bad
2466 is bad
2467 is bad
2468 is bad
2469 is bad
2470 is bad
2471 is bad
2472 is bad
2473 is bad
2474 is bad
2475 is bad
2476 is bad
2477 is bad
2478 is bad
2479 is bad
2480 is bad
2481 is bad
2482 is bad
2483 is bad
2484 is bad
2485 is bad
2486 is bad
2487 is bad
2488 is bad
2489 is bad
2490 is bad
2491 is bad
2492 is bad
2493 is bad
2494 is bad
2495 is bad
2496 is bad
2497 is bad
2498 is bad
2499 is bad
2500 is bad
2501 is bad
2502 is bad
2503 is bad
2504 is bad
2505 is bad
2506 is bad
2507 is bad
2508 is bad
2509 is bad
2510 is bad
2511 is bad
2512 is bad
2513 is bad
2514 is bad
2515 is bad
2516 is bad
2517 is bad
2518 is bad
2519 is bad
2520 is bad
2521 is bad
2522 is bad
2523 is bad
2524 is bad
2525 is bad
2526 is bad
2527 is bad
2528 is bad
2529 is bad
2530 is bad
2531 is bad
2532 is bad
2533 is bad
2534 is bad
2535 is bad
2536 is bad
2537 is bad
2538 is bad
2539 is bad
2540 is bad
2541 is bad
2542 is bad
2543 is bad
2544 is bad
2545 is bad
2546 is bad
2547 is bad
2548 is bad
2549 is bad
2550 is bad
2551 is bad
2552 is bad
2553 is bad
2554 is bad
2555 is bad
2556 is bad
2557 is bad
2558 is bad
2559 is bad
2560 is bad
2561 is bad
2562 is bad
2563 is bad
2564 is bad
2565 is bad
2566 is bad
2567 is bad
2568 is bad
2569 is bad
2570 is bad
2571 is bad
2572 is bad
2573 is bad
2574 is bad
2575 is bad
2576 is bad
2577 is bad
2578 is bad
2579 is bad
2580 is bad
2581 is bad
2582 is bad
2583 is bad
2584 is bad
2585 is bad
2586 is bad
2587 is bad
2588 is bad
2589 is bad
2590 is bad
2591 is bad
2592 is bad
2593 is bad
2594 is bad
2595 is bad
2596 is bad
2597 is bad
2598 is bad
2599 is bad
2600 is bad
2601 is bad
2602 is bad
2603 is bad
2604 is bad
2605 is bad
2606 is bad
2607 is bad
2608 is bad
2609 is bad
2610 is bad
2611 is bad
2612 is bad
2613 is bad
2614 is bad
2615 is bad
2616 is bad
2617 is bad
2618 is bad
2619 is bad
2620 is bad
2621 is bad
2622 is bad
2623 is bad
2624 is bad
2625 is bad
2626 is bad
2627 is bad
2628 is bad
2629 is bad
2630 is bad
2631 is bad
2632 is bad
2633 is bad
2634 is bad
2635 is bad
2636 is bad
2637 is bad
2638 is bad
2639 is bad
2640 is bad
2641 is bad
2642 is bad
2643 is bad
2644 is bad
2645 is bad
2646 is bad
2647 is bad
2648 is bad
2649 is bad
2650 is bad
2651 is bad
2652 is bad
2653 is bad
2654 is bad
2655 is bad
2656 is bad
2657 is bad
2658 is bad
2659 is bad
2660 is bad
2661 is bad
2662 is bad
2663 is bad
2664 is bad
2665 is bad
2666 is bad
2667 is bad
2668 is bad
2669 is bad
2670 is bad
2671 is bad
2672 is bad
2673 is bad
2674 is bad
2675 is bad
2676 is bad
2677 is bad
2678 is bad
2679 is bad
2680 is bad
2681 is bad
2682 is bad
2683 is bad
2684 is bad
2685 is bad
2686 is bad
2687 is bad
2688 is bad
2689 is bad
2690 is bad
2691 is bad
2692 is bad
2693 is bad
2694 is bad
2695 is bad
2696 is bad
2697 is bad
2698 is bad
2699 is bad
2700 is bad
2701 is bad
2702 is bad
2703 is bad
2704 is bad
2705 is bad
2706 is bad
2707 is bad
2708 is bad
2709 is bad
2710 is bad
2711 is bad
2712 is bad
2713 is bad
2714 is bad
2715 is bad
2716 is bad
2717 is bad
2718 is bad
2719 is bad
2720 is bad
2721 is bad
2722 is bad
2723 is bad
2724 is bad
2725 is bad
2726 is bad
2727 is bad
2728 is bad
2729 is bad
2730 is bad
2731 is bad
2732 is bad
2733 is bad
2734 is bad
2735 is bad
2736 is bad
2737 is bad
2738 is bad
2739 is bad
2740 is bad
2741 is bad
2742 is bad
2743 is bad
2744 is bad
2745 is bad
2746 is bad
2747 is bad
2748 is bad
2749 is bad
2750 is bad
2751 is bad
2752 is bad
2753 is bad
2754 is bad
2755 is bad
2756 is bad
2757 is bad
2758 is bad
2759 is bad
2760 is bad
2761 is bad
2762 is bad
2763 is bad
2764 is bad
2765 is bad
2766 is bad
2767 is bad
2768 is bad
2769 is bad
2770 is bad
2771 is bad
2772 is bad
2773 is bad
2774 is bad
2775 is bad
2776 is bad
2777 is bad
2778 is bad
2779 is bad
2780 is bad
2781 is bad
2782 is bad
2783 is bad
2784 is bad
2785 is bad
2786 is bad
2787 is bad
2788 is bad
2789 is bad
2790 is bad
2791 is bad
2792 is bad
2793 is bad
2794 is bad
2795 is bad
2796 is bad
2797 is bad
2798 is bad
2799 is bad
2800 is bad
2801 is bad
2802 is bad
2803 is bad
2804 is bad
2805 is bad
2806 is bad
2807 is bad
2808 is bad
2809 is bad
2810 is bad
2811 is bad
2812 is bad
2813 is bad
2814 is bad
2815 is bad
2816 is bad
2817 is bad
2818 is bad
2819 is bad
2820 is bad
2821 is bad
2822 is bad
2823 is bad
2824 is bad
2825 is bad
2826 is bad
2827 is bad
2828 is bad
2829 is bad
2830 is bad
2831 is bad
2832 is bad
2833 is bad
2834 is bad
2835 is bad
2836 is bad
2837 is bad
2838 is bad
2839 is bad
2840 is bad
2841 is bad
2842 is bad
2843 is bad
2844 is bad
2845 is bad
2846 is bad
2847 is bad
2848 is bad
2849 is bad
2850 is bad
2851 is bad
2852 is bad
2853 is bad
2854 is bad
2855 is bad
2856 is bad
2857 is bad
2858 is bad
2859 is bad
2860 is bad
2861 is bad
2862 is bad
2863 is bad
2864 is bad
2865 is bad
2866 is bad
2867 is bad
2868 is bad
2869 is bad
2870 is bad
2871 is bad
2872 is bad
2873 is bad
2874 is bad
2875 is bad
2876 is bad
2877 is bad
2878 is bad
2879 is bad
2880 is bad
2881 is bad
2882 is bad
2883 is bad
2884 is bad
2885 is bad
2886 is bad
2887 is bad
2888 is bad
2889 is bad
2890 is bad
2891 is bad
2892 is bad
2893 is bad
2894 is bad
2895 is bad
2896 is bad
2897 is bad
2898 is bad
2899 is bad
2900 is bad
2901 is bad
2902 is bad
2903 is bad
2904 is bad
2905 is bad
2906 is bad
2907 is bad
2908 is bad
2909 is bad
2910 is bad
2911 is bad
2912 is bad
2913 is bad
2914 is bad
2915 is bad
2916 is bad
2917 is bad
2918 is bad
2919 is bad
2920 is bad
2921 is bad
2922 is bad
2923 is bad
2924 is bad
2925 is bad
2926 is bad
2927 is bad
2928 is bad
2929 is bad
2930 is bad
2931 is bad
2932 is bad
2933 is bad
2934 is bad
2935 is bad
2936 is bad
2937 is bad
2938 is bad
2939 is bad
2940 is bad
2941 is bad
2942 is bad
2943 is bad
2944 is bad
2945 is bad
2946 is bad
2947 is bad
2948 is bad
2949 is bad
2950 is bad
2951 is bad
2952 is bad
2953 is bad
2954 is bad
2955 is bad
2956 is bad
2957 is bad
2958 is bad
2959 is bad
2960 is bad
2961 is bad
2962 is bad
2963 is bad
2964 is bad
2965 is bad
2966 is bad
2967 is bad
2968 is bad
2969 is bad
2970 is bad
2971 is bad
2972 is bad
2973 is bad
2974 is bad
2975 is bad
2976 is bad
2977 is bad
2978 is bad
2979 is bad
2980 is bad
2981 is bad
2982 is bad
2983 is bad
2984 is bad
2985 is bad
2986 is bad
2987 is bad
2988 is bad
2989 is bad
2990 is bad
2991 is bad
2992 is bad
2993 is bad
2994 is bad
2995 is bad
2996 is bad
2997 is bad
2998 is bad
2999 is bad
3000 is bad
3001 is bad
3002 is bad
3003 is bad
3004 is bad
3005 is bad
3006 is bad
3007 is bad
3008 is bad
3009 is bad
3010 is bad
3011 is bad
3012 is bad
3013 is bad
3014 is bad
3015 is bad
3016 is bad
3017 is bad
3018 is bad
3019 is bad
3020 is bad
3021 is bad
3022 is bad
3023 is bad
3024 is bad
3025 is bad
3026 is bad
3027 is bad
3028 is bad
3029 is bad
3030 is bad
3031 is bad
3032 is bad
3033 is bad
3034 is bad
3035 is bad
3036 is bad
3037 is bad
3038 is bad
3039 is bad
3040 is bad
3041 is bad
3042 is bad
3043 is bad
3044 is bad
3045 is bad
3046 is bad
3047 is bad
3048 is bad
3049 is bad
3050 is bad
3051 is bad
3052 is bad
3053 is bad
3054 is bad
3055 is bad
3056 is bad
3057 is bad
3058 is bad
3059 is bad
3060 is bad
3061 is bad
3062 is bad
3063 is bad
3064 is bad
3065 is bad
3066 is bad
3067 is bad
3068 is bad
3069 is bad
3070 is bad
3071 is bad
3072 is bad
3073 is bad
3074 is bad
3075 is bad
3076 is bad
3077 is bad
3078 is bad
3079 is bad
3080 is bad
3081 is bad
3082 is bad
3083 is bad
3084 is bad
3085 is bad
3086 is bad
3087 is bad
3088 is bad
3089 is bad
3090 is bad
3091 is bad
3092 is bad
3093 is bad
3094 is bad
3095 is bad
3096 is bad
3097 is bad
3098 is bad
3099 is bad
3100 is bad
3101 is bad
3102 is bad
3103 is bad
3104 is bad
3105 is bad
3106 is bad
3107 is bad
3108 is bad
3109 is bad
3110 is bad
3111 is bad
3112 is bad
3113 is bad
3114 is bad
3115 is bad
3116 is bad
3117 is bad
3118 is bad
3119 is bad
3120 is bad
3121 is bad
3122 is bad
3123 is bad
3124 is bad
3125 is bad
3126 is bad
3127 is bad
3128 is bad
3129 is bad
3130 is bad
3131 is bad
3132 is bad
3133 is bad
3134 is bad
3135 is bad
3136 is bad
3137 is bad
3138 is bad
313terminate called after throwing an instance of 'helib::LogicError'
  what():  thin results not match
timeout: the monitored command dumped core
exit=134 (IV ZHAO)
########## V :: ZHAO :: i=4 h=12 t=1 thin ##########
chosen idx = 4
encapHwt = 12
t for new bts is 1
new bts ? 1
new ks ? 1
thick bts ?0
repeat times = 1
*** GTestFatboot: p=65537, r=1, bits=1500, t=0, c=3, m=50731 mvec=[97 523], gens=[48117 5239], ords=[96 29]
Computing key-independent tables...
t = 1
bound on I = 16.402088
log2(aux) = 16.000022
log2(beta) = 30.546816
log2(qks) >= 49.244094, final log2(qks) = 49.244094
log2(R) >= 31.815348, final log2(R) = 31.815649
INFO: total bits = 2035.46, security level = 78.3637enew = 2
degs of poly for the first row and its null poly are 65537 / 70
security=78.3637
# small primes = 6
# ctxt primes = 26
# bits in ctxt primes = 1505
# special primes = 9
# bits in special primes = 530
scale=10
 done in 637.905 seconds
  e=0, e'=0, t=12
  m = 50731, p = 65537, phi(m) = 50112
  ord(p) = 18
  normBnd = 1.62099
  polyNormBnd = 5.6346
  factors = [97 523]
  generator 48117 has order (== Z_m^*) of 96
  generator 5239 has order (== Z_m^*) of 29
r = 1
nslots = 2784
hwt = 120
ctxtPrimes = [6,7,8,9,10,11,12,13,14,15,16,17,18,19,20,21,22,23,24,25,26,27,28,29,30,31]
specialPrimes = [36,37,38,39,40,41,42,43,44]
number of bits = 2036

security level = 78.3637
Generating keys, computing key-dependent tables...Sparse boot key hwt = 12
 done in 40.3704 seconds
WARNING: KS-noise-ratio = 1.09583 > 1
time for linear1 = 4.528373, linear2 = 21.526513, extract = 0.000000, total = 28.198796
bits for linear1 = 55.711455, linear2 = 99.231273, extract = 0.000000, min cap = 18.697278, after cap = 1362.863378, after prod = 1462.094652
cap / time = 45.691832
0 is bad
1 is bad
2 is bad
3 is bad
4 is bad
5 is bad
6 is bad
7 is bad
8 is bad
9 is bad
10 is bad
11 is bad
12 is bad
13 is bad
14 is bad
15 is bad
16 is bad
17 is bad
18 is bad
19 is bad
20 is bad
21 is bad
22 is bad
23 is bad
24 is bad
25 is bad
26 is bad
27 is bad
28 is bad
29 is bad
30 is bad
31 is bad
32 is bad
33 is bad
34 is bad
35 is bad
36 is bad
37 is bad
38 is bad
39 is bad
40 is bad
41 is bad
42 is bad
43 is bad
44 is bad
45 is bad
46 is bad
47 is bad
48 is bad
49 is bad
50 is bad
51 is bad
52 is bad
53 is bad
54 is bad
55 is bad
56 is bad
57 is bad
58 is bad
59 is bad
60 is bad
61 is bad
62 is bad
63 is bad
64 is bad
65 is bad
66 is bad
67 is bad
68 is bad
69 is bad
70 is bad
71 is bad
72 is bad
73 is bad
74 is bad
75 is bad
76 is bad
77 is bad
78 is bad
79 is bad
80 is bad
81 is bad
82 is bad
83 is bad
84 is bad
85 is bad
86 is bad
87 is bad
88 is bad
89 is bad
90 is bad
91 is bad
92 is bad
93 is bad
94 is bad
95 is bad
96 is bad
97 is bad
98 is bad
99 is bad
100 is bad
101 is bad
102 is bad
103 is bad
104 is bad
105 is bad
106 is bad
107 is bad
108 is bad
109 is bad
110 is bad
111 is bad
112 is bad
113 is bad
114 is bad
115 is bad
116 is bad
117 is bad
118 is bad
119 is bad
120 is bad
121 is bad
122 is bad
123 is bad
124 is bad
125 is bad
126 is bad
127 is bad
128 is bad
129 is bad
130 is bad
131 is bad
132 is bad
133 is bad
134 is bad
135 is bad
136 is bad
137 is bad
138 is bad
139 is bad
140 is bad
141 is bad
142 is bad
143 is bad
144 is bad
145 is bad
146 is bad
147 is bad
148 is bad
149 is bad
150 is bad
151 is bad
152 is bad
153 is bad
154 is bad
155 is bad
156 is bad
157 is bad
158 is bad
159 is bad
160 is bad
161 is bad
162 is bad
163 is bad
164 is bad
165 is bad
166 is bad
167 is bad
168 is bad
169 is bad
170 is bad
171 is bad
172 is bad
173 is bad
174 is bad
175 is bad
176 is bad
177 is bad
178 is bad
179 is bad
180 is bad
181 is bad
182 is bad
183 is bad
184 is bad
185 is bad
186 is bad
187 is bad
188 is bad
189 is bad
190 is bad
191 is bad
192 is bad
193 is bad
194 is bad
195 is bad
196 is bad
197 is bad
198 is bad
199 is bad
200 is bad
201 is bad
202 is bad
203 is bad
204 is bad
205 is bad
206 is bad
207 is bad
208 is bad
209 is bad
210 is bad
211 is bad
212 is bad
213 is bad
214 is bad
215 is bad
216 is bad
217 is bad
218 is bad
219 is bad
220 is bad
221 is bad
222 is bad
223 is bad
224 is bad
225 is bad
226 is bad
227 is bad
228 is bad
229 is bad
230 is bad
231 is bad
232 is bad
233 is bad
234 is bad
235 is bad
236 is bad
237 is bad
238 is bad
239 is bad
240 is bad
241 is bad
242 is bad
243 is bad
244 is bad
245 is bad
246 is bad
247 is bad
248 is bad
249 is bad
250 is bad
251 is bad
252 is bad
253 is bad
254 is bad
255 is bad
256 is bad
257 is bad
258 is bad
259 is bad
260 is bad
261 is bad
262 is bad
263 is bad
264 is bad
265 is bad
266 is bad
267 is bad
268 is bad
269 is bad
270 is bad
271 is bad
272 is bad
273 is bad
274 is bad
275 is bad
276 is bad
277 is bad
278 is bad
279 is bad
280 is bad
281 is bad
282 is bad
283 is bad
284 is bad
285 is bad
286 is bad
287 is bad
288 is bad
289 is bad
290 is bad
291 is bad
292 is bad
293 is bad
294 is bad
295 is bad
296 is bad
297 is bad
298 is bad
299 is bad
300 is bad
301 is bad
302 is bad
303 is bad
304 is bad
305 is bad
306 is bad
307 is bad
308 is bad
309 is bad
310 is bad
311 is bad
312 is bad
313 is bad
314 is bad
315 is bad
316 is bad
317 is bad
318 is bad
319 is bad
320 is bad
321 is bad
322 is bad
323 is bad
324 is bad
325 is bad
326 is bad
327 is bad
328 is bad
329 is bad
330 is bad
331 is bad
332 is bad
333 is bad
334 is bad
335 is bad
336 is bad
337 is bad
338 is bad
339 is bad
340 is bad
341 is bad
342 is bad
343 is bad
344 is bad
345 is bad
346 is bad
347 is bad
348 is bad
349 is bad
350 is bad
351 is bad
352 is bad
353 is bad
354 is bad
355 is bad
356 is bad
357 is bad
358 is bad
359 is bad
360 is bad
361 is bad
362 is bad
363 is bad
364 is bad
365 is bad
366 is bad
367 is bad
368 is bad
369 is bad
370 is bad
371 is bad
372 is bad
373 is bad
374 is bad
375 is bad
376 is bad
377 is bad
378 is bad
379 is bad
380 is bad
381 is bad
382 is bad
383 is bad
384 is bad
385 is bad
386 is bad
387 is bad
388 is bad
389 is bad
390 is bad
391 is bad
392 is bad
393 is bad
394 is bad
395 is bad
396 is bad
397 is bad
398 is bad
399 is bad
400 is bad
401 is bad
402 is bad
403 is bad
404 is bad
405 is bad
406 is bad
407 is bad
408 is bad
409 is bad
410 is bad
411 is bad
412 is bad
413 is bad
414 is bad
415 is bad
416 is bad
417 is bad
418 is bad
419 is bad
420 is bad
421 is bad
422 is bad
423 is bad
424 is bad
425 is bad
426 is bad
427 is bad
428 is bad
429 is bad
430 is bad
431 is bad
432 is bad
433 is bad
434 is bad
435 is bad
436 is bad
437 is bad
438 is bad
439 is bad
440 is bad
441 is bad
442 is bad
443 is bad
444 is bad
445 is bad
446 is bad
447 is bad
448 is bad
449 is bad
450 is bad
451 is bad
452 is bad
453 is bad
454 is bad
455 is bad
456 is bad
457 is bad
458 is bad
459 is bad
460 is bad
461 is bad
462 is bad
463 is bad
464 is bad
465 is bad
466 is bad
467 is bad
468 is bad
469 is bad
470 is bad
471 is bad
472 is bad
473 is bad
474 is bad
475 is bad
476 is bad
477 is bad
478 is bad
479 is bad
480 is bad
481 is bad
482 is bad
483 is bad
484 is bad
485 is bad
486 is bad
487 is bad
488 is bad
489 is bad
490 is bad
491 is bad
492 is bad
493 is bad
494 is bad
495 is bad
496 is bad
497 is bad
498 is bad
499 is bad
500 is bad
501 is bad
502 is bad
503 is bad
504 is bad
505 is bad
506 is bad
507 is bad
508 is bad
509 is bad
510 is bad
511 is bad
512 is bad
513 is bad
514 is bad
515 is bad
516 is bad
517 is bad
518 is bad
519 is bad
520 is bad
521 is bad
522 is bad
523 is bad
524 is bad
525 is bad
526 is bad
527 is bad
528 is bad
529 is bad
530 is bad
531 is bad
532 is bad
533 is bad
534 is bad
535 is bad
536 is bad
537 is bad
538 is bad
539 is bad
540 is bad
541 is bad
542 is bad
543 is bad
544 is bad
545 is bad
546 is bad
547 is bad
548 is bad
549 is bad
550 is bad
551 is bad
552 is bad
553 is bad
554 is bad
555 is bad
556 is bad
557 is bad
558 is bad
559 is bad
560 is bad
561 is bad
562 is bad
563 is bad
564 is bad
565 is bad
566 is bad
567 is bad
568 is bad
569 is bad
570 is bad
571 is bad
572 is bad
573 is bad
574 is bad
575 is bad
576 is bad
577 is bad
578 is bad
579 is bad
580 is bad
581 is bad
582 is bad
583 is bad
584 is bad
585 is bad
586 is bad
587 is bad
588 is bad
589 is bad
590 is bad
591 is bad
592 is bad
593 is bad
594 is bad
595 is bad
596 is bad
597 is bad
598 is bad
599 is bad
600 is bad
601 is bad
602 is bad
603 is bad
604 is bad
605 is bad
606 is bad
607 is bad
608 is bad
609 is bad
610 is bad
611 is bad
612 is bad
613 is bad
614 is bad
615 is bad
616 is bad
617 is bad
618 is bad
619 is bad
620 is bad
621 is bad
622 is bad
623 is bad
624 is bad
625 is bad
626 is bad
627 is bad
628 is bad
629 is bad
630 is bad
631 is bad
632 is bad
633 is bad
634 is bad
635 is bad
636 is bad
637 is bad
638 is bad
639 is bad
640 is bad
641 is bad
642 is bad
643 is bad
644 is bad
645 is bad
646 is bad
647 is bad
648 is bad
649 is bad
650 is bad
651 is bad
652 is bad
653 is bad
654 is bad
655 is bad
656 is bad
657 is bad
658 is bad
659 is bad
660 is bad
661 is bad
662 is bad
663 is bad
664 is bad
665 is bad
666 is bad
667 is bad
668 is bad
669 is bad
670 is bad
671 is bad
672 is bad
673 is bad
674 is bad
675 is bad
676 is bad
677 is bad
678 is bad
679 is bad
680 is bad
681 is bad
682 is bad
683 is bad
684 is bad
685 is bad
686 is bad
687 is bad
688 is bad
689 is bad
690 is bad
691 is bad
692 is bad
693 is bad
694 is bad
695 is bad
696 is bad
697 is bad
698 is bad
699 is bad
700 is bad
701 is bad
702 is bad
703 is bad
704 is bad
705 is bad
706 is bad
707 is bad
708 is bad
709 is bad
710 is bad
711 is bad
712 is bad
713 is bad
714 is bad
715 is bad
716 is bad
717 is bad
718 is bad
719 is bad
720 is bad
721 is bad
722 is bad
723 is bad
724 is bad
725 is bad
726 is bad
727 is bad
728 is bad
729 is bad
730 is bad
731 is bad
732 is bad
733 is bad
734 is bad
735 is bad
736 is bad
737 is bad
738 is bad
739 is bad
740 is bad
741 is bad
742 is bad
743 is bad
744 is bad
745 is bad
746 is bad
747 is bad
748 is bad
749 is bad
750 is bad
751 is bad
752 is bad
753 is bad
754 is bad
755 is bad
756 is bad
757 is bad
758 is bad
759 is bad
760 is bad
761 is bad
762 is bad
763 is bad
764 is bad
765 is bad
766 is bad
767 is bad
768 is bad
769 is bad
770 is bad
771 is bad
772 is bad
773 is bad
774 is bad
775 is bad
776 is bad
777 is bad
778 is bad
779 is bad
780 is bad
781 is bad
782 is bad
783 is bad
784 is bad
785 is bad
786 is bad
787 is bad
788 is bad
789 is bad
790 is bad
791 is bad
792 is bad
793 is bad
794 is bad
795 is bad
796 is bad
797 is bad
798 is bad
799 is bad
800 is bad
801 is bad
802 is bad
803 is bad
804 is bad
805 is bad
806 is bad
807 is bad
808 is bad
809 is bad
810 is bad
811 is bad
812 is bad
813 is bad
814 is bad
815 is bad
816 is bad
817 is bad
818 is bad
819 is bad
820 is bad
821 is bad
822 is bad
823 is bad
824 is bad
825 is bad
826 is bad
827 is bad
828 is bad
829 is bad
830 is bad
831 is bad
832 is bad
833 is bad
834 is bad
835 is bad
836 is bad
837 is bad
838 is bad
839 is bad
840 is bad
841 is bad
842 is bad
843 is bad
844 is bad
845 is bad
846 is bad
847 is bad
848 is bad
849 is bad
850 is bad
851 is bad
852 is bad
853 is bad
854 is bad
855 is bad
856 is bad
857 is bad
858 is bad
859 is bad
860 is bad
861 is bad
862 is bad
863 is bad
864 is bad
865 is bad
866 is bad
867 is bad
868 is bad
869 is bad
870 is bad
871 is bad
872 is bad
873 is bad
874 is bad
875 is bad
876 is bad
877 is bad
878 is bad
879 is bad
880 is bad
881 is bad
882 is bad
883 is bad
884 is bad
885 is bad
886 is bad
887 is bad
888 is bad
889 is bad
890 is bad
891 is bad
892 is bad
893 is bad
894 is bad
895 is bad
896 is bad
897 is bad
898 is bad
899 is bad
900 is bad
901 is bad
902 is bad
903 is bad
904 is bad
905 is bad
906 is bad
907 is bad
908 is bad
909 is bad
910 is bad
911 is bad
912 is bad
913 is bad
914 is bad
915 is bad
916 is bad
917 is bad
918 is bad
919 is bad
920 is bad
921 is bad
922 is bad
923 is bad
924 is bad
925 is bad
926 is bad
927 is bad
928 is bad
929 is bad
930 is bad
931 is bad
932 is bad
933 is bad
934 is bad
935 is bad
936 is bad
937 is bad
938 is bad
939 is bad
940 is bad
941 is bad
942 is bad
943 is bad
944 is bad
945 is bad
946 is bad
947 is bad
948 is bad
949 is bad
950 is bad
951 is bad
952 is bad
953 is bad
954 is bad
955 is bad
956 is bad
957 is bad
958 is bad
959 is bad
960 is bad
961 is bad
962 is bad
963 is bad
964 is bad
965 is bad
966 is bad
967 is bad
968 is bad
969 is bad
970 is bad
971 is bad
972 is bad
973 is bad
974 is bad
975 is bad
976 is bad
977 is bad
978 is bad
979 is bad
980 is bad
981 is bad
982 is bad
983 is bad
984 is bad
985 is bad
986 is bad
987 is bad
988 is bad
989 is bad
990 is bad
991 is bad
992 is bad
993 is bad
994 is bad
995 is bad
996 is bad
997 is bad
998 is bad
999 is bad
1000 is bad
1001 is bad
1002 is bad
1003 is bad
1004 is bad
1005 is bad
1006 is bad
1007 is bad
1008 is bad
1009 is bad
1010 is bad
1011 is bad
1012 is bad
1013 is bad
1014 is bad
1015 is bad
1016 is bad
1017 is bad
1018 is bad
1019 is bad
1020 is bad
1021 is bad
1022 is bad
1023 is bad
1024 is bad
1025 is bad
1026 is bad
1027 is bad
1028 is bad
1029 is bad
1030 is bad
1031 is bad
1032 is bad
1033 is bad
1034 is bad
1035 is bad
1036 is bad
1037 is bad
1038 is bad
1039 is bad
1040 is bad
1041 is bad
1042 is bad
1043 is bad
1044 is bad
1045 is bad
1046 is bad
1047 is bad
1048 is bad
1049 is bad
1050 is bad
1051 is bad
1052 is bad
1053 is bad
1054 is bad
1055 is bad
1056 is bad
1057 is bad
1058 is bad
1059 is bad
1060 is bad
1061 is bad
1062 is bad
1063 is bad
1064 is bad
1065 is bad
1066 is bad
1067 is bad
1068 is bad
1069 is bad
1070 is bad
1071 is bad
1072 is bad
1073 is bad
1074 is bad
1075 is bad
1076 is bad
1077 is bad
1078 is bad
1079 is bad
1080 is bad
1081 is bad
1082 is bad
1083 is bad
1084 is bad
1085 is bad
1086 is bad
1087 is bad
1088 is bad
1089 is bad
1090 is bad
1091 is bad
1092 is bad
1093 is bad
1094 is bad
1095 is bad
1096 is bad
1097 is bad
1098 is bad
1099 is bad
1100 is bad
1101 is bad
1102 is bad
1103 is bad
1104 is bad
1105 is bad
1106 is bad
1107 is bad
1108 is bad
1109 is bad
1110 is bad
1111 is bad
1112 is bad
1113 is bad
1114 is bad
1115 is bad
1116 is bad
1117 is bad
1118 is bad
1119 is bad
1120 is bad
1121 is bad
1122 is bad
1123 is bad
1124 is bad
1125 is bad
1126 is bad
1127 is bad
1128 is bad
1129 is bad
1130 is bad
1131 is bad
1132 is bad
1133 is bad
1134 is bad
1135 is bad
1136 is bad
1137 is bad
1138 is bad
1139 is bad
1140 is bad
1141 is bad
1142 is bad
1143 is bad
1144 is bad
1145 is bad
1146 is bad
1147 is bad
1148 is bad
1149 is bad
1150 is bad
1151 is bad
1152 is bad
1153 is bad
1154 is bad
1155 is bad
1156 is bad
1157 is bad
1158 is bad
1159 is bad
1160 is bad
1161 is bad
1162 is bad
1163 is bad
1164 is bad
1165 is bad
1166 is bad
1167 is bad
1168 is bad
1169 is bad
1170 is bad
1171 is bad
1172 is bad
1173 is bad
1174 is bad
1175 is bad
1176 is bad
1177 is bad
1178 is bad
1179 is bad
1180 is bad
1181 is bad
1182 is bad
1183 is bad
1184 is bad
1185 is bad
1186 is bad
1187 is bad
1188 is bad
1189 is bad
1190 is bad
1191 is bad
1192 is bad
1193 is bad
1194 is bad
1195 is bad
1196 is bad
1197 is bad
1198 is bad
1199 is bad
1200 is bad
1201 is bad
1202 is bad
1203 is bad
1204 is bad
1205 is bad
1206 is bad
1207 is bad
1208 is bad
1209 is bad
1210 is bad
1211 is bad
1212 is bad
1213 is bad
1214 is bad
1215 is bad
1216 is bad
1217 is bad
1218 is bad
1219 is bad
1220 is bad
1221 is bad
1222 is bad
1223 is bad
1224 is bad
1225 is bad
1226 is bad
1227 is bad
1228 is bad
1229 is bad
1230 is bad
1231 is bad
1232 is bad
1233 is bad
1234 is bad
1235 is bad
1236 is bad
1237 is bad
1238 is bad
1239 is bad
1240 is bad
1241 is bad
1242 is bad
1243 is bad
1244 is bad
1245 is bad
1246 is bad
1247 is bad
1248 is bad
1249 is bad
1250 is bad
1251 is bad
1252 is bad
1253 is bad
1254 is bad
1255 is bad
1256 is bad
1257 is bad
1258 is bad
1259 is bad
1260 is bad
1261 is bad
1262 is bad
1263 is bad
1264 is bad
1265 is bad
1266 is bad
1267 is bad
1268 is bad
1269 is bad
1270 is bad
1271 is bad
1272 is bad
1273 is bad
1274 is bad
1275 is bad
1276 is bad
1277 is bad
1278 is bad
1279 is bad
1280 is bad
1281 is bad
1282 is bad
1283 is bad
1284 is bad
1285 is bad
1286 is bad
1287 is bad
1288 is bad
1289 is bad
1290 is bad
1291 is bad
1292 is bad
1293 is bad
1294 is bad
1295 is bad
1296 is bad
1297 is bad
1298 is bad
1299 is bad
1300 is bad
1301 is bad
1302 is bad
1303 is bad
1304 is bad
1305 is bad
1306 is bad
1307 is bad
1308 is bad
1309 is bad
1310 is bad
1311 is bad
1312 is bad
1313 is bad
1314 is bad
1315 is bad
1316 is bad
1317 is bad
1318 is bad
1319 is bad
1320 is bad
1321 is bad
1322 is bad
1323 is bad
1324 is bad
1325 is bad
1326 is bad
1327 is bad
1328 is bad
1329 is bad
1330 is bad
1331 is bad
1332 is bad
1333 is bad
1334 is bad
1335 is bad
1336 is bad
1337 is bad
1338 is bad
1339 is bad
1340 is bad
1341 is bad
1342 is bad
1343 is bad
1344 is bad
1345 is bad
1346 is bad
1347 is bad
1348 is bad
1349 is bad
1350 is bad
1351 is bad
1352 is bad
1353 is bad
1354 is bad
1355 is bad
1356 is bad
1357 is bad
1358 is bad
1359 is bad
1360 is bad
1361 is bad
1362 is bad
1363 is bad
1364 is bad
1365 is bad
1366 is bad
1367 is bad
1368 is bad
1369 is bad
1370 is bad
1371 is bad
1372 is bad
1373 is bad
1374 is bad
1375 is bad
1376 is bad
1377 is bad
1378 is bad
1379 is bad
1380 is bad
1381 is bad
1382 is bad
1383 is bad
1384 is bad
1385 is bad
1386 is bad
1387 is bad
1388 is bad
1389 is bad
1390 is bad
1391 is bad
1392 is bad
1393 is bad
1394 is bad
1395 is bad
1396 is bad
1397 is bad
1398 is bad
1399 is bad
1400 is bad
1401 is bad
1402 is bad
1403 is bad
1404 is bad
1405 is bad
1406 is bad
1407 is bad
1408 is bad
1409 is bad
1410 is bad
1411 is bad
1412 is bad
1413 is bad
1414 is bad
1415 is bad
1416 is bad
1417 is bad
1418 is bad
1419 is bad
1420 is bad
1421 is bad
1422 is bad
1423 is bad
1424 is bad
1425 is bad
1426 is bad
1427 is bad
1428 is bad
1429 is bad
1430 is bad
1431 is bad
1432 is bad
1433 is bad
1434 is bad
1435 is bad
1436 is bad
1437 is bad
1438 is bad
1439 is bad
1440 is bad
1441 is bad
1442 is bad
1443 is bad
1444 is bad
1445 is bad
1446 is bad
1447 is bad
1448 is bad
1449 is bad
1450 is bad
1451 is bad
1452 is bad
1453 is bad
1454 is bad
1455 is bad
1456 is bad
1457 is bad
1458 is bad
1459 is bad
1460 is bad
1461 is bad
1462 is bad
1463 is bad
1464 is bad
1465 is bad
1466 is bad
1467 is bad
1468 is bad
1469 is bad
1470 is bad
1471 is bad
1472 is bad
1473 is bad
1474 is bad
1475 is bad
1476 is bad
1477 is bad
1478 is bad
1479 is bad
1480 is bad
1481 is bad
1482 is bad
1483 is bad
1484 is bad
1485 is bad
1486 is bad
1487 is bad
1488 is bad
1489 is bad
1490 is bad
1491 is bad
1492 is bad
1493 is bad
1494 is bad
1495 is bad
1496 is bad
1497 is bad
1498 is bad
1499 is bad
1500 is bad
1501 is bad
1502 is bad
1503 is bad
1504 is bad
1505 is bad
1506 is bad
1507 is bad
1508 is bad
1509 is bad
1510 is bad
1511 is bad
1512 is bad
1513 is bad
1514 is bad
1515 is bad
1516 is bad
1517 is bad
1518 is bad
1519 is bad
1520 is bad
1521 is bad
1522 is bad
1523 is bad
1524 is bad
1525 is bad
1526 is bad
1527 is bad
1528 is bad
1529 is bad
1530 is bad
1531 is bad
1532 is bad
1533 is bad
1534 is bad
1535 is bad
1536 is bad
1537 is bad
1538 is bad
1539 is bad
1540 is bad
1541 is bad
1542 is bad
1543 is bad
1544 is bad
1545 is bad
1546 is bad
1547 is bad
1548 is bad
1549 is bad
1550 is bad
1551 is bad
1552 is bad
1553 is bad
1554 is bad
1555 is bad
1556 is bad
1557 is bad
1558 is bad
1559 is bad
1560 is bad
1561 is bad
1562 is bad
1563 is bad
1564 is bad
1565 is bad
1566 is bad
1567 is bad
1568 is bad
1569 is bad
1570 is bad
1571 is bad
1572 is bad
1573 is bad
1574 is bad
1575 is bad
1576 is bad
1577 is bad
1578 is bad
1579 is bad
1580 is bad
1581 is bad
1582 is bad
1583 is bad
1584 is bad
1585 is bad
1586 is bad
1587 is bad
1588 is bad
1589 is bad
1590 is bad
1591 is bad
1592 is bad
1593 is bad
1594 is bad
1595 is bad
1596 is bad
1597 is bad
1598 is bad
1599 is bad
1600 is bad
1601 is bad
1602 is bad
1603 is bad
1604 is bad
1605 is bad
1606 is bad
1607 is bad
1608 is bad
1609 is bad
1610 is bad
1611 is bad
1612 is bad
1613 is bad
1614 is bad
1615 is bad
1616 is bad
1617 is bad
1618 is bad
1619 is bad
1620 is bad
1621 is bad
1622 is bad
1623 is bad
1624 is bad
1625 is bad
1626 is bad
1627 is bad
1628 is bad
1629 is bad
1630 is bad
1631 is bad
1632 is bad
1633 is bad
1634 is bad
1635 is bad
1636 is bad
1637 is bad
1638 is bad
1639 is bad
1640 is bad
1641 is bad
1642 is bad
1643 is bad
1644 is bad
1645 is bad
1646 is bad
1647 is bad
1648 is bad
1649 is bad
1650 is bad
1651 is bad
1652 is bad
1653 is bad
1654 is bad
1655 is bad
1656 is bad
1657 is bad
1658 is bad
1659 is bad
1660 is bad
1661 is bad
1662 is bad
1663 is bad
1664 is bad
1665 is bad
1666 is bad
1667 is bad
1668 is bad
1669 is bad
1670 is bad
1671 is bad
1672 is bad
1673 is bad
1674 is bad
1675 is bad
1676 is bad
1677 is bad
1678 is bad
1679 is bad
1680 is bad
1681 is bad
1682 is bad
1683 is bad
1684 is bad
1685 is bad
1686 is bad
1687 is bad
1688 is bad
1689 is bad
1690 is bad
1691 is bad
1692 is bad
1693 is bad
1694 is bad
1695 is bad
1696 is bad
1697 is bad
1698 is bad
1699 is bad
1700 is bad
1701 is bad
1702 is bad
1703 is bad
1704 is bad
1705 is bad
1706 is bad
1707 is bad
1708 is bad
1709 is bad
1710 is bad
1711 is bad
1712 is bad
1713 is bad
1714 is bad
1715 is bad
1716 is bad
1717 is bad
1718 is bad
1719 is bad
1720 is bad
1721 is bad
1722 is bad
1723 is bad
1724 is bad
1725 is bad
1726 is bad
1727 is bad
1728 is bad
1729 is bad
1730 is bad
1731 is bad
1732 is bad
1733 is bad
1734 is bad
1735 is bad
1736 is bad
1737 is bad
1738 is bad
1739 is bad
1740 is bad
1741 is bad
1742 is bad
1743 is bad
1744 is bad
1745 is bad
1746 is bad
1747 is bad
1748 is bad
1749 is bad
1750 is bad
1751 is bad
1752 is bad
1753 is bad
1754 is bad
1755 is bad
1756 is bad
1757 is bad
1758 is bad
1759 is bad
1760 is bad
1761 is bad
1762 is bad
1763 is bad
1764 is bad
1765 is bad
1766 is bad
1767 is bad
1768 is bad
1769 is bad
1770 is bad
1771 is bad
1772 is bad
1773 is bad
1774 is bad
1775 is bad
1776 is bad
1777 is bad
1778 is bad
1779 is bad
1780 is bad
1781 is bad
1782 is bad
1783 is bad
1784 is bad
1785 is bad
1786 is bad
1787 is bad
1788 is bad
1789 is bad
1790 is bad
1791 is bad
1792 is bad
1793 is bad
1794 is bad
1795 is bad
1796 is bad
1797 is bad
1798 is bad
1799 is bad
1800 is bad
1801 is bad
1802 is bad
1803 is bad
1804 is bad
1805 is bad
1806 is bad
1807 is bad
1808 is bad
1809 is bad
1810 is bad
1811 is bad
1812 is bad
1813 is bad
1814 is bad
1815 is bad
1816 is bad
1817 is bad
1818 is bad
1819 is bad
1820 is bad
1821 is bad
1822 is bad
1823 is bad
1824 is bad
1825 is bad
1826 is bad
1827 is bad
1828 is bad
1829 is bad
1830 is bad
1831 is bad
1832 is bad
1833 is bad
1834 is bad
1835 is bad
1836 is bad
1837 is bad
1838 is bad
1839 is bad
1840 is bad
1841 is bad
1842 is bad
1843 is bad
1844 is bad
1845 is bad
1846 is bad
1847 is bad
1848 is bad
1849 is bad
1850 is bad
1851 is bad
1852 is bad
1853 is bad
1854 is bad
1855 is bad
1856 is bad
1857 is bad
1858 is bad
1859 is bad
1860 is bad
1861 is bad
1862 is bad
1863 is bad
1864 is bad
1865 is bad
1866 is bad
1867 is bad
1868 is bad
1869 is bad
1870 is bad
1871 is bad
1872 is bad
1873 is bad
1874 is bad
1875 is bad
1876 is bad
1877 is bad
1878 is bad
1879 is bad
1880 is bad
1881 is bad
1882 is bad
1883 is bad
1884 is bad
1885 is bad
1886 is bad
1887 is bad
1888 is bad
1889 is bad
1890 is bad
1891 is bad
1892 is bad
1893 is bad
1894 is bad
1895 is bad
1896 is bad
1897 is bad
1898 is bad
1899 is bad
1900 is bad
1901 is bad
1902 is bad
1903 is bad
1904 is bad
1905 is bad
1906 is bad
1907 is bad
1908 is bad
1909 is bad
1910 is bad
1911 is bad
1912 is bad
1913 is bad
1914 is bad
1915 is bad
1916 is bad
1917 is bad
1918 is bad
1919 is bad
1920 is bad
1921 is bad
1922 is bad
1923 is bad
1924 is bad
1925 is bad
1926 is bad
1927 is bad
1928 is bad
1929 is bad
1930 is bad
1931 is bad
1932 is bad
1933 is bad
1934 is bad
1935 is bad
1936 is bad
1937 is bad
1938 is bad
1939 is bad
1940 is bad
1941 is bad
1942 is bad
1943 is bad
1944 is bad
1945 is bad
1946 is bad
1947 is bad
1948 is bad
1949 is bad
1950 is bad
1951 is bad
1952 is bad
1953 is bad
1954 is bad
1955 is bad
1956 is bad
1957 is bad
1958 is bad
1959 is bad
1960 is bad
1961 is bad
1962 is bad
1963 is bad
1964 is bad
1965 is bad
1966 is bad
1967 is bad
1968 is bad
1969 is bad
1970 is bad
1971 is bad
1972 is bad
1973 is bad
1974 is bad
1975 is bad
1976 is bad
1977 is bad
1978 is bad
1979 is bad
1980 is bad
1981 is bad
1982 is bad
1983 is bad
1984 is bad
1985 is bad
1986 is bad
1987 is bad
1988 is bad
1989 is bad
1990 is bad
1991 is bad
1992 is bad
1993 is bad
1994 is bad
1995 is bad
1996 is bad
1997 is bad
1998 is bad
1999 is bad
2000 is bad
2001 is bad
2002 is bad
2003 is bad
2004 is bad
2005 is bad
2006 is bad
2007 is bad
2008 is bad
2009 is bad
2010 is bad
2011 is bad
2012 is bad
2013 is bad
2014 is bad
2015 is bad
2016 is bad
2017 is bad
2018 is bad
2019 is bad
2020 is bad
2021 is bad
2022 is bad
2023 is bad
2024 is bad
2025 is bad
2026 is bad
2027 is bad
2028 is bad
2029 is bad
2030 is bad
2031 is bad
2032 is bad
2033 is bad
2034 is bad
2035 is bad
2036 is bad
2037 is bad
2038 is bad
2039 is bad
2040 is bad
2041 is bad
2042 is bad
2043 is bad
2044 is bad
2045 is bad
2046 is bad
2047 is bad
2048 is bad
2049 is bad
2050 is bad
2051 is bad
2052 is bad
2053 is bad
2054 is bad
2055 is bad
2056 is bad
2057 is bad
2058 is bad
2059 is bad
2060 is bad
2061 is bad
2062 is bad
2063 is bad
2064 is bad
2065 is bad
2066 is bad
2067 is bad
2068 is bad
2069 is bad
2070 is bad
2071 is bad
2072 is bad
2073 is bad
2074 is bad
2075 is bad
2076 is bad
2077 is bad
2078 is bad
2079 is bad
2080 is bad
2081 is bad
2082 is bad
2083 is bad
2084 is bad
2085 is bad
2086 is bad
2087 is bad
2088 is bad
2089 is bad
2090 is bad
2091 is bad
2092 is bad
2093 is bad
2094 is bad
2095 is bad
2096 is bad
2097 is bad
2098 is bad
2099 is bad
2100 is bad
2101 is bad
2102 is bad
2103 is bad
2104 is bad
2105 is bad
2106 is bad
2107 is bad
2108 is bad
2109 is bad
2110 is bad
2111 is bad
2112 is bad
2113 is bad
2114 is bad
2115 is bad
2116 is bad
2117 is bad
2118 is bad
2119 is bad
2120 is bad
2121 is bad
2122 is bad
2123 is bad
2124 is bad
2125 is bad
2126 is bad
2127 is bad
2128 is bad
2129 is bad
2130 is bad
2131 is bad
2132 is bad
2133 is bad
2134 is bad
2135 is bad
2136 is bad
2137 is bad
2138 is bad
2139 is bad
2140 is bad
2141 is bad
2142 is bad
2143 is bad
2144 is bad
2145 is bad
2146 is bad
2147 is bad
2148 is bad
2149 is bad
2150 is bad
2151 is bad
2152 is bad
2153 is bad
2154 is bad
2155 is bad
2156 is bad
2157 is bad
2158 is bad
2159 is bad
2160 is bad
2161 is bad
2162 is bad
2163 is bad
2164 is bad
2165 is bad
2166 is bad
2167 is bad
2168 is bad
2169 is bad
2170 is bad
2171 is bad
2172 is bad
2173 is bad
2174 is bad
2175 is bad
2176 is bad
2177 is bad
2178 is bad
2179 is bad
2180 is bad
2181 is bad
2182 is bad
2183 is bad
2184 is bad
2185 is bad
2186 is bad
2187 is bad
2188 is bad
2189 is bad
2190 is bad
2191 is bad
2192 is bad
2193 is bad
2194 is bad
2195 is bad
2196 is bad
2197 is bad
2198 is bad
2199 is bad
2200 is bad
2201 is bad
2202 is bad
2203 is bad
2204 is bad
2205 is bad
2206 is bad
2207 is bad
2208 is bad
2209 is bad
2210 is bad
2211 is bad
2212 is bad
2213 is bad
2214 is bad
2215 is bad
2216 is bad
2217 is bad
2218 is bad
2219 is bad
2220 is bad
2221 is bad
2222 is bad
2223 is bad
2224 is bad
2225 is bad
2226 is bad
2227 is bad
2228 is bad
2229 is bad
2230 is bad
2231 is bad
2232 is bad
2233 is bad
2234 is bad
2235 is bad
2236 is bad
2237 is bad
2238 is bad
2239 is bad
2240 is bad
2241 is bad
2242 is bad
2243 is bad
2244 is bad
2245 is bad
2246 is bad
2247 is bad
2248 is bad
2249 is bad
2250 is bad
2251 is bad
2252 is bad
2253 is bad
2254 is bad
2255 is bad
2256 is bad
2257 is bad
2258 is bad
2259 is bad
2260 is bad
2261 is bad
2262 is bad
2263 is bad
2264 is bad
2265 is bad
2266 is bad
2267 is bad
2268 is bad
2269 is bad
2270 is bad
2271 is bad
2272 is bad
2273 is bad
2274 is bad
2275 is bad
2276 is bad
2277 is bad
2278 is bad
2279 is bad
2280 is bad
2281 is bad
2282 is bad
2283 is bad
2284 is bad
2285 is bad
2286 is bad
2287 is bad
2288 is bad
2289 is bad
2290 is bad
2291 is bad
2292 is bad
2293 is bad
2294 is bad
2295 is bad
2296 is bad
2297 is bad
2298 is bad
2299 is bad
2300 is bad
2301 is bad
2302 is bad
2303 is bad
2304 is bad
2305 is bad
2306 is bad
2307 is bad
2308 is bad
2309 is bad
2310 is bad
2311 is bad
2312 is bad
2313 is bad
2314 is bad
2315 is bad
2316 is bad
2317 is bad
2318 is bad
2319 is bad
2320 is bad
2321 is bad
2322 is bad
2323 is bad
2324 is bad
2325 is bad
2326 is bad
2327 is bad
2328 is bad
2329 is bad
2330 is bad
2331 is bad
2332 is bad
2333 is bad
2334 is bad
2335 is bad
2336 is bad
2337 is bad
2338 is bad
2339 is bad
2340 is bad
2341 is bad
2342 is bad
2343 is bad
2344 is bad
2345 is bad
2346 is bad
2347 is bad
2348 is bad
2349 is bad
2350 is bad
2351 is bad
2352 is bad
2353 is bad
2354 is bad
2355 is bad
2356 is bad
2357 is bad
2358 is bad
2359 is bad
2360 is bad
2361 is bad
2362 is bad
2363 is bad
2364 is bad
2365 is bad
2366 is bad
2367 is bad
2368 is bad
2369 is bad
2370 is bad
2371 is bad
2372 is bad
2373 is bad
2374 is bad
2375 is bad
2376 is bad
2377 is bad
2378 is bad
2379 is bad
2380 is bad
2381 is bad
2382 is bad
2383 is bad
2384 is bad
2385 is bad
2386 is bad
2387 is bad
2388 is bad
2389 is bad
2390 is bad
2391 is bad
2392 is bad
2393 is bad
2394 is bad
2395 is bad
2396 is bad
2397 is bad
2398 is bad
2399 is bad
2400 is bad
2401 is bad
2402 is bad
2403 is bad
2404 is bad
2405 is bad
2406 is bad
2407 is bad
2408 is bad
2409 is bad
2410 is bad
2411 is bad
2412 is bad
2413 is bad
2414 is bad
2415 is bad
2416 is bad
2417 is bad
2418 is bad
2419 is bad
2420 is bad
2421 is bad
2422 is bad
2423 is bad
2424 is bad
2425 is bad
2426 is bad
2427 is bad
2428 is bad
2429 is bad
2430 is bad
2431 is bad
2432 is bad
2433 is bad
2434 is bad
2435 is bad
2436 is bad
2437 is bad
2438 is bad
2439 is bad
2440 is bad
2441 is bad
2442 is bad
2443 is bad
2444 is bad
2445 is bad
2446 is bad
2447 is bad
2448 is bad
2449 is bad
2450 is bad
2451 is bad
2452 is bad
2453 is bad
2454 is bad
2455 is bad
2456 is bad
2457 is bad
2458 is bad
2459 is bad
2460 is bterminate called after throwing an instance of 'helib::LogicError'
  what():  thin results not match
timeout: the monitored command dumped core
exit=134 (V ZHAO)
ALL DONE
