########## SET 15 p=4423 m=50633 d=3 :: BASELINE :: aux=67 :: pass1 :: 2026-09-14 09:16:22 ##########
chosen idx = 15
encapHwt = 12
t for new bts is -1
new bts ? 1
new ks ? 1
thick bts ?0
repeat times = 1
force bsgs = 0
force hoist = 0
*** GTestFatboot: p=4423, r=1, bits=1320, t=0, c=3, m=50633 mvec=[11 4603], gens=[41428 13817], ords=[10 1534]
Computing key-independent tables...using HELIB_EXPLICIT_AUX=67

t = -1
bound on I = 15.753744
log2(aux) = 6.066089
log2(beta) = 26.590611
log2(qks) >= 35.344238, final log2(qks) = 35.344308
log2(R) >= 27.179141, final log2(R) = 27.190033
INFO: total bits = 1794.83, security level = 80.8639deg of poly for non-power-of-p aux is 1087
security=80.8639
# small primes = 6
# ctxt primes = 23
# bits in ctxt primes = 1331
# special primes = 8
# bits in special primes = 463
scale=10
 done in 994.154 seconds
  e=0, e'=0, t=12
  m = 50633, p = 4423, phi(m) = 46020
  ord(p) = 3
  normBnd = 1.6101
  polyNormBnd = 3.13422
  factors = [11 4603]
  generator 41428 has order (== Z_m^*) of 10
  generator 13817 has order (== Z_m^*) of 1534
r = 1
nslots = 15340
hwt = 120
ctxtPrimes = [6,7,8,9,10,11,12,13,14,15,16,17,18,19,20,21,22,23,24,25,26,27,28]
specialPrimes = [33,34,35,36,37,38,39,40]
number of bits = 1795

security level = 80.8639
Generating keys, Keys generated. Now genRecryptData...
computing key-dependent tables...Sparse boot key hwt = 12
genRecryptData done. recryptKeyID=1
lcAksBsgs=0 lcAksDelayed=0
Post-key setup done.
 done in 123.142 seconds
Encrypt succeeded.
WARNING: KS-noise-ratio = 1.10502 > 1
time for linear1 = 36.142548, linear2 = 343.346853, extract = 229.633273, total = 614.141899
bits for linear1 = 45.437667, linear2 = 46.107091, extract = 301.495993, min cap = 8.753697, after cap = 938.871970, after prod = 1286.475054
cap / time = 1.440515

### summary over 1 test
time for linear1 = 36.142548, linear2 = 343.346853, extract = 229.633273, total = 614.141899
bits for linear1 = 45.437667, linear2 = 46.107091, extract = 301.495993, min cap = 8.753697, after cap = 938.871970, after prod = 1286.475054
cap / time = 1.440515


### bts finished, everything ok ###

  AAA_bootKeySwitch: 187.774 / 1 = 187.774   [$ARTIFACT/ours/_build_case1/HElib-patched/src/recryption.cpp:1968]
  AAA_coeffToSlot: 159.822 / 1 = 159.822   [$ARTIFACT/ours/_build_case1/HElib-patched/src/recryption.cpp:2396]
  AAA_embeddingLargest: 2.70328 / 505 = 0.00535302   [$ARTIFACT/ours/_build_case1/HElib-patched/src/norms.cpp:250]
  AAA_embeddingLargest_x2: 1.56897 / 312 = 0.00502874   [$ARTIFACT/ours/_build_case1/HElib-patched/src/norms.cpp:423]
  AAA_extractDigitsThin: 229.63 / 1 = 229.63   [$ARTIFACT/ours/_build_case1/HElib-patched/src/recryption.cpp:2449]
  AAA_modDownEnbeddings: 1.774 / 312 = 0.00568589   [$ARTIFACT/ours/_build_case1/HElib-patched/src/Ctxt.cpp:506]
  AAA_slotToCoeff: 36.142 / 1 = 36.142   [$ARTIFACT/ours/_build_case1/HElib-patched/src/recryption.cpp:1954]
  BasicAutomorphPrecon: 9.41645 / 8 = 1.17706   [$ARTIFACT/ours/_build_case1/HElib-patched/src/matmul.cpp:69]
  BluesteinFFT: 228.093 / 31397 = 0.00726481   [$ARTIFACT/ours/_build_case1/HElib-patched/src/bluestein.cpp:141]
  Decrypt: 1.34564 / 1 = 1.34564   [$ARTIFACT/ours/_build_case1/HElib-patched/src/keys.cpp:1350]
  DoubleCRT: 119.637 / 680 = 0.175937   [$ARTIFACT/ours/_build_case1/HElib-patched/src/DoubleCRT.cpp:718]
  FFT: 171.943 / 22475 = 0.0076504   [$ARTIFACT/ours/_build_case1/HElib-patched/src/CModulus.cpp:479]
  FFT: 217.054 / 1129 = 0.192254   [$ARTIFACT/ours/_build_case1/HElib-patched/src/DoubleCRT.cpp:70]
  FFT: 217.002 / 22475 = 0.00965525   [$ARTIFACT/ours/_build_case1/HElib-patched/src/CModulus.cpp:448]
  FFT_aux: 171.86 / 22475 = 0.00764671   [$ARTIFACT/ours/_build_case1/HElib-patched/src/CModulus.cpp:360]
  FFT_remainder: 45.0118 / 22475 = 0.00200275   [$ARTIFACT/ours/_build_case1/HElib-patched/src/CModulus.cpp:455]
  KS_loop: 41.7745 / 779 = 0.0536258   [$ARTIFACT/ours/_build_case1/HElib-patched/src/Ctxt.cpp:219]
  KS_loop_1: 6.51625 / 779 = 0.00836489   [$ARTIFACT/ours/_build_case1/HElib-patched/src/Ctxt.cpp:227]
  KS_loop_2: 5.37954 / 779 = 0.0069057   [$ARTIFACT/ours/_build_case1/HElib-patched/src/Ctxt.cpp:231]
  KS_loop_3: 9.21887 / 779 = 0.0118342   [$ARTIFACT/ours/_build_case1/HElib-patched/src/Ctxt.cpp:236]
  KS_loop_4: 2.32145 / 779 = 0.00298004   [$ARTIFACT/ours/_build_case1/HElib-patched/src/Ctxt.cpp:240]
  NORM_VAL: 5.28686 / 448 = 0.011801   [$ARTIFACT/ours/_build_case1/HElib-patched/src/DoubleCRT.cpp:541]
  addCtxt: 46.064 / 5841 = 0.00788632   [$ARTIFACT/ours/_build_case1/HElib-patched/src/Ctxt.cpp:1458]
  addPart: 11.3573 / 1931 = 0.00588155   [$ARTIFACT/ours/_build_case1/HElib-patched/src/Ctxt.cpp:905]
  addPrimes: 156.198 / 449 = 0.347879   [$ARTIFACT/ours/_build_case1/HElib-patched/src/DoubleCRT.cpp:625]
  addPrimes_5: 163.686 / 448 = 0.365371   [$ARTIFACT/ours/_build_case1/HElib-patched/src/DoubleCRT.cpp:518]
  automorph: 30.7147 / 154 = 0.199446   [$ARTIFACT/ours/_build_case1/HElib-patched/src/matmul.cpp:117]
  automorph: 1.11134 / 114 = 0.00974858   [$ARTIFACT/ours/_build_case1/HElib-patched/src/Ctxt.cpp:2489]
  breakIntoDigits: 164.618 / 176 = 0.935331   [$ARTIFACT/ours/_build_case1/HElib-patched/src/DoubleCRT.cpp:481]
  decode: 31.7233 / 1 = 31.7233   [$ARTIFACT/ours/_build_case1/HElib-patched/src/EncryptedArray.cpp:375]
  do_mul: 78.6855 / 11101 = 0.00708815   [$ARTIFACT/ours/_build_case1/HElib-patched/src/DoubleCRT.cpp:280]
  extractDigitsThin: 229.63 / 1 = 229.63   [$ARTIFACT/ours/_build_case1/HElib-patched/src/recryption.cpp:1597]
  iFFT: 107.905 / 8922 = 0.0120942   [$ARTIFACT/ours/_build_case1/HElib-patched/src/CModulus.cpp:488]
  iFFT_division: 39.8002 / 8922 = 0.00446091   [$ARTIFACT/ours/_build_case1/HElib-patched/src/CModulus.cpp:570]
  keySwitchPart: 180.768 / 169 = 1.06963   [$ARTIFACT/ours/_build_case1/HElib-patched/src/Ctxt.cpp:836]
  modDownToSet: 226.348 / 429 = 0.527617   [$ARTIFACT/ours/_build_case1/HElib-patched/src/Ctxt.cpp:409]
  mul_MatMul1DExec: 374.376 / 6 = 62.396   [$ARTIFACT/ours/_build_case1/HElib-patched/src/matmul.cpp:975]
  multByConstant: 61.6055 / 4633 = 0.0132971   [$ARTIFACT/ours/_build_case1/HElib-patched/src/Ctxt.cpp:1884]
  multByConstant: 0.350055 / 1 = 0.350055   [$ARTIFACT/ours/_build_case1/HElib-patched/src/Ctxt.cpp:1910]
  multLowLvl: 95.3838 / 69 = 1.38237   [$ARTIFACT/ours/_build_case1/HElib-patched/src/Ctxt.cpp:1733]
  multiplyBy: 106.17 / 36 = 2.94917   [$ARTIFACT/ours/_build_case1/HElib-patched/src/Ctxt.cpp:1809]
  privateAssign: 7.7249 / 988 = 0.00781872   [$ARTIFACT/ours/_build_case1/HElib-patched/src/Ctxt.cpp:329]
  randomize: 15.8862 / 779 = 0.020393   [$ARTIFACT/ours/_build_case1/HElib-patched/src/DoubleCRT.cpp:1318]
  randomize_stream: 8.02892 / 4658606 = 1.72346e-06   [$ARTIFACT/ours/_build_case1/HElib-patched/src/DoubleCRT.cpp:1348]
  reLinearize: 228.16 / 321 = 0.710778   [$ARTIFACT/ours/_build_case1/HElib-patched/src/Ctxt.cpp:736]
  smartAutomorph: 129.482 / 114 = 1.13581   [$ARTIFACT/ours/_build_case1/HElib-patched/src/Ctxt.cpp:2514]
  thinReCrypt: 614.177 / 1 = 614.177   [$ARTIFACT/ours/_build_case1/HElib-patched/src/recryption.cpp:1872]
  toPoly: 144.958 / 1128 = 0.128509   [$ARTIFACT/ours/_build_case1/HElib-patched/src/DoubleCRT.cpp:985]
  toPoly_CRT: 25.0919 / 1128 = 0.0222446   [$ARTIFACT/ours/_build_case1/HElib-patched/src/DoubleCRT.cpp:1052]
  toPoly_FFT: 118.363 / 1128 = 0.104932   [$ARTIFACT/ours/_build_case1/HElib-patched/src/DoubleCRT.cpp:1030]
  rusage.ru_maxrss=51541364
||||| stats |||||
KS-noise-ratio ave=0.00655682 max=1.10502
KS-noise-ratio-hoist ave=1827.61 max=14620.8
break-into-digits-ratio ave=0.322117 max=0.418512
excess-ctxtPrimes ave=11.4042 max=11.4042
excess-specialPrimes ave=8.00195 max=8.00195
mod-switch-added-noise ave=0.326607 max=0.389203
ptxt_rat_sk ave=0.00773985 max=0.00773985
ptxt_rat_sk ave=0.319674 max=0.319674
raw-mod-switch-noise ave=0.319107 max=0.319107
window1-nchoices ave=3.6 max=5
window1-out ave=0 max=0
window2-nchoices ave=3.45312 max=8
window2-out ave=0 max=0
||||| stats |||||
KS-noise-ratio ave=0.00655682 max=1.10502
KS-noise-ratio-hoist ave=1827.61 max=14620.8
break-into-digits-ratio ave=0.322117 max=0.418512
excess-ctxtPrimes ave=11.4042 max=11.4042
excess-specialPrimes ave=8.00195 max=8.00195
mod-switch-added-noise ave=0.326607 max=0.389203
ptxt_rat_sk ave=0.00773985 max=0.00773985
ptxt_rat_sk ave=0.319674 max=0.319674
raw-mod-switch-noise ave=0.319107 max=0.319107
window1-nchoices ave=3.6 max=5
window1-out ave=0 max=0
window2-nchoices ave=3.45312 max=8
window2-out ave=0 max=0
WALL=1787.69 s MAXRSS=51541364 kB
exit=0 (BASELINE pass1)
########## SET 15 p=4423 m=50633 d=3 :: ORDER6 :: aux=67 :: pass1 :: 2026-09-14 09:46:09 ##########
chosen idx = 15
encapHwt = 12
t for new bts is -1
new bts ? 1
new ks ? 1
thick bts ?0
repeat times = 1
force bsgs = 0
force hoist = 0
*** GTestFatboot: p=4423, r=1, bits=1320, t=0, c=3, m=50633 mvec=[11 4603], gens=[41428 13817], ords=[10 1534]
Computing key-independent tables...using HELIB_EXPLICIT_AUX=67

t = -1
bound on I = 15.753744
log2(aux) = 6.066089
log2(beta) = 26.590611
log2(qks) >= 35.344238, final log2(qks) = 35.344308
log2(R) >= 27.179141, final log2(R) = 27.190033
INFO: total bits = 1794.83, security level = 80.8639HELIB_ORDER6: A=67 aux=67 |closure|=1633 (inflation 1.49954) deg(P)=1631 |folded|=272
deg of poly for non-power-of-p aux is 1631
security=80.8639
# small primes = 6
# ctxt primes = 23
# bits in ctxt primes = 1331
# special primes = 8
# bits in special primes = 463
scale=10
 done in 1476.75 seconds
  e=0, e'=0, t=12
  m = 50633, p = 4423, phi(m) = 46020
  ord(p) = 3
  normBnd = 1.6101
  polyNormBnd = 3.13422
  factors = [11 4603]
  generator 41428 has order (== Z_m^*) of 10
  generator 13817 has order (== Z_m^*) of 1534
r = 1
nslots = 15340
hwt = 120
ctxtPrimes = [6,7,8,9,10,11,12,13,14,15,16,17,18,19,20,21,22,23,24,25,26,27,28]
specialPrimes = [33,34,35,36,37,38,39,40]
number of bits = 1795

security level = 80.8639
Generating keys, Keys generated. Now genRecryptData...
computing key-dependent tables...Sparse boot key hwt = 12
genRecryptData done. recryptKeyID=1
lcAksBsgs=0 lcAksDelayed=0
Post-key setup done.
 done in 88.1983 seconds
Encrypt succeeded.
WARNING: KS-noise-ratio = 1.19272 > 1
HELIB_AUX_ORDER4_EVAL enabled: order=6, deg(P)=1631, terms(P)=273, deg(Q)=271, terms(Q)=272
time for linear1 = 35.948827, linear2 = 358.268380, extract = 129.439136, total = 529.166019
bits for linear1 = 45.575473, linear2 = 46.112125, extract = 354.585897, min cap = 8.753697, after cap = 885.871311, after prod = 1286.569333
cap / time = 1.571420

### summary over 1 test
time for linear1 = 35.948827, linear2 = 358.268380, extract = 129.439136, total = 529.166019
bits for linear1 = 45.575473, linear2 = 46.112125, extract = 354.585897, min cap = 8.753697, after cap = 885.871311, after prod = 1286.569333
cap / time = 1.571420


### bts finished, everything ok ###

  AAA_bootKeySwitch: 198.909 / 1 = 198.909   [$ARTIFACT/ours/_build_case1/HElib-patched/src/recryption.cpp:1968]
  AAA_coeffToSlot: 164.102 / 1 = 164.102   [$ARTIFACT/ours/_build_case1/HElib-patched/src/recryption.cpp:2396]
  AAA_embeddingLargest: 2.35511 / 415 = 0.00567496   [$ARTIFACT/ours/_build_case1/HElib-patched/src/norms.cpp:250]
  AAA_embeddingLargest_x2: 1.31315 / 231 = 0.00568465   [$ARTIFACT/ours/_build_case1/HElib-patched/src/norms.cpp:423]
  AAA_extractDigitsThin: 129.437 / 1 = 129.437   [$ARTIFACT/ours/_build_case1/HElib-patched/src/recryption.cpp:2449]
  AAA_modDownEnbeddings: 1.42246 / 231 = 0.00615783   [$ARTIFACT/ours/_build_case1/HElib-patched/src/Ctxt.cpp:506]
  AAA_slotToCoeff: 35.9483 / 1 = 35.9483   [$ARTIFACT/ours/_build_case1/HElib-patched/src/recryption.cpp:1954]
  BasicAutomorphPrecon: 10.2688 / 8 = 1.2836   [$ARTIFACT/ours/_build_case1/HElib-patched/src/matmul.cpp:69]
  BluesteinFFT: 192.07 / 23712 = 0.00810013   [$ARTIFACT/ours/_build_case1/HElib-patched/src/bluestein.cpp:141]
  Decrypt: 1.50342 / 1 = 1.50342   [$ARTIFACT/ours/_build_case1/HElib-patched/src/keys.cpp:1350]
  DoubleCRT: 93.2362 / 492 = 0.189504   [$ARTIFACT/ours/_build_case1/HElib-patched/src/DoubleCRT.cpp:718]
  FFT: 144.613 / 16924 = 0.00854485   [$ARTIFACT/ours/_build_case1/HElib-patched/src/CModulus.cpp:479]
  FFT: 182.149 / 877 = 0.207696   [$ARTIFACT/ours/_build_case1/HElib-patched/src/DoubleCRT.cpp:70]
  FFT: 182.112 / 16924 = 0.0107606   [$ARTIFACT/ours/_build_case1/HElib-patched/src/CModulus.cpp:448]
  FFT_aux: 144.555 / 16924 = 0.00854141   [$ARTIFACT/ours/_build_case1/HElib-patched/src/CModulus.cpp:360]
  FFT_remainder: 37.4574 / 16924 = 0.00221327   [$ARTIFACT/ours/_build_case1/HElib-patched/src/CModulus.cpp:455]
  KS_loop: 37.4472 / 715 = 0.0523737   [$ARTIFACT/ours/_build_case1/HElib-patched/src/Ctxt.cpp:219]
  KS_loop_1: 6.23742 / 715 = 0.00872366   [$ARTIFACT/ours/_build_case1/HElib-patched/src/Ctxt.cpp:227]
  KS_loop_2: 5.17653 / 715 = 0.0072399   [$ARTIFACT/ours/_build_case1/HElib-patched/src/Ctxt.cpp:231]
  KS_loop_3: 6.31684 / 715 = 0.00883474   [$ARTIFACT/ours/_build_case1/HElib-patched/src/Ctxt.cpp:236]
  KS_loop_4: 2.09716 / 715 = 0.00293309   [$ARTIFACT/ours/_build_case1/HElib-patched/src/Ctxt.cpp:240]
  NORM_VAL: 4.83957 / 384 = 0.012603   [$ARTIFACT/ours/_build_case1/HElib-patched/src/DoubleCRT.cpp:541]
  addConstant: 0.249645 / 20 = 0.0124823   [$ARTIFACT/ours/_build_case1/HElib-patched/src/Ctxt.cpp:2197]
  addCtxt: 27.6718 / 5026 = 0.00550573   [$ARTIFACT/ours/_build_case1/HElib-patched/src/Ctxt.cpp:1458]
  addPart: 10.4025 / 1781 = 0.0058408   [$ARTIFACT/ours/_build_case1/HElib-patched/src/Ctxt.cpp:905]
  addPrimes: 143.313 / 385 = 0.372241   [$ARTIFACT/ours/_build_case1/HElib-patched/src/DoubleCRT.cpp:625]
  addPrimes_5: 149.995 / 384 = 0.390611   [$ARTIFACT/ours/_build_case1/HElib-patched/src/DoubleCRT.cpp:518]
  automorph: 31.6149 / 154 = 0.205292   [$ARTIFACT/ours/_build_case1/HElib-patched/src/matmul.cpp:117]
  automorph: 1.5102 / 114 = 0.0132474   [$ARTIFACT/ours/_build_case1/HElib-patched/src/Ctxt.cpp:2489]
  breakIntoDigits: 150.714 / 155 = 0.97235   [$ARTIFACT/ours/_build_case1/HElib-patched/src/DoubleCRT.cpp:481]
  decode: 33.4874 / 1 = 33.4874   [$ARTIFACT/ours/_build_case1/HElib-patched/src/EncryptedArray.cpp:375]
  do_mul: 80.0864 / 10861 = 0.00737376   [$ARTIFACT/ours/_build_case1/HElib-patched/src/DoubleCRT.cpp:280]
  extractDigitsThin: 129.437 / 1 = 129.437   [$ARTIFACT/ours/_build_case1/HElib-patched/src/recryption.cpp:1597]
  iFFT: 91.1776 / 6788 = 0.0134322   [$ARTIFACT/ours/_build_case1/HElib-patched/src/CModulus.cpp:488]
  iFFT_division: 33.6588 / 6788 = 0.00495858   [$ARTIFACT/ours/_build_case1/HElib-patched/src/CModulus.cpp:570]
  keySwitchPart: 162.084 / 148 = 1.09516   [$ARTIFACT/ours/_build_case1/HElib-patched/src/Ctxt.cpp:836]
  modDownToSet: 178.605 / 353 = 0.505964   [$ARTIFACT/ours/_build_case1/HElib-patched/src/Ctxt.cpp:409]
  mul_MatMul1DExec: 388.614 / 6 = 64.7691   [$ARTIFACT/ours/_build_case1/HElib-patched/src/matmul.cpp:975]
  multByConstant: 66.7591 / 4633 = 0.0144095   [$ARTIFACT/ours/_build_case1/HElib-patched/src/Ctxt.cpp:1884]
  multByConstant: 0.254068 / 1 = 0.254068   [$ARTIFACT/ours/_build_case1/HElib-patched/src/Ctxt.cpp:1910]
  multLowLvl: 58.7494 / 41 = 1.43291   [$ARTIFACT/ours/_build_case1/HElib-patched/src/Ctxt.cpp:1733]
  multiplyBy: 58.6098 / 22 = 2.66408   [$ARTIFACT/ours/_build_case1/HElib-patched/src/Ctxt.cpp:1809]
  privateAssign: 2.93429 / 600 = 0.00489048   [$ARTIFACT/ours/_build_case1/HElib-patched/src/Ctxt.cpp:329]
  randomize: 15.5247 / 715 = 0.0217128   [$ARTIFACT/ours/_build_case1/HElib-patched/src/DoubleCRT.cpp:1318]
  randomize_stream: 7.63484 / 4274455 = 1.78616e-06   [$ARTIFACT/ours/_build_case1/HElib-patched/src/DoubleCRT.cpp:1348]
  reLinearize: 189.394 / 298 = 0.63555   [$ARTIFACT/ours/_build_case1/HElib-patched/src/Ctxt.cpp:736]
  smartAutomorph: 132.704 / 114 = 1.16407   [$ARTIFACT/ours/_build_case1/HElib-patched/src/Ctxt.cpp:2514]
  thinReCrypt: 529.192 / 1 = 529.192   [$ARTIFACT/ours/_build_case1/HElib-patched/src/recryption.cpp:1872]
  toPoly: 122.362 / 876 = 0.139682   [$ARTIFACT/ours/_build_case1/HElib-patched/src/DoubleCRT.cpp:985]
  toPoly_CRT: 22.6939 / 876 = 0.0259062   [$ARTIFACT/ours/_build_case1/HElib-patched/src/DoubleCRT.cpp:1052]
  toPoly_FFT: 98.3834 / 876 = 0.11231   [$ARTIFACT/ours/_build_case1/HElib-patched/src/DoubleCRT.cpp:1030]
  rusage.ru_maxrss=51303560
||||| stats |||||
KS-noise-ratio ave=0.015021 max=1.19272
KS-noise-ratio-hoist ave=2209.49 max=17675.9
break-into-digits-ratio ave=0.323655 max=0.417169
excess-ctxtPrimes ave=11.4042 max=11.4042
excess-specialPrimes ave=8.00195 max=8.00195
mod-switch-added-noise ave=0.326057 max=0.419076
ptxt_rat_sk ave=0.00702586 max=0.00702586
ptxt_rat_sk ave=0.32776 max=0.32776
raw-mod-switch-noise ave=0.324916 max=0.324916
window1-nchoices ave=4.25 max=5
window1-out ave=0 max=0
window2-nchoices ave=4.78378 max=9
window2-out ave=0 max=0
||||| stats |||||
KS-noise-ratio ave=0.015021 max=1.19272
KS-noise-ratio-hoist ave=2209.49 max=17675.9
break-into-digits-ratio ave=0.323655 max=0.417169
excess-ctxtPrimes ave=11.4042 max=11.4042
excess-specialPrimes ave=8.00195 max=8.00195
mod-switch-added-noise ave=0.326057 max=0.419076
ptxt_rat_sk ave=0.00702586 max=0.00702586
ptxt_rat_sk ave=0.32776 max=0.32776
raw-mod-switch-noise ave=0.324916 max=0.324916
window1-nchoices ave=4.25 max=5
window1-out ave=0 max=0
window2-nchoices ave=4.78378 max=9
window2-out ave=0 max=0
WALL=2156.51 s MAXRSS=51303560 kB
exit=0 (ORDER6 pass1)
########## SET 15 p=4423 m=50633 d=3 :: ORDER6_COMPOSED :: aux=67 :: pass1 :: 2026-09-14 10:22:06 ##########
chosen idx = 15
encapHwt = 12
t for new bts is -1
new bts ? 1
new ks ? 1
thick bts ?0
repeat times = 1
force bsgs = 0
force hoist = 0
*** GTestFatboot: p=4423, r=1, bits=1320, t=0, c=3, m=50633 mvec=[11 4603], gens=[41428 13817], ords=[10 1534]
Computing key-independent tables...using HELIB_EXPLICIT_AUX=67

t = -1
bound on I = 15.753744
log2(aux) = 6.066089
log2(beta) = 26.590611
log2(qks) >= 35.344238, final log2(qks) = 35.344308
log2(R) >= 27.179141, final log2(R) = 27.190033
INFO: total bits = 1794.83, security level = 80.8639HELIB_ORDER6: A=67 aux=67 |closure|=1633 (inflation 1.49954) deg(P)=1631 |folded|=272
HELIB_COMPOSED_EVAL: order=6 d=3 |folded support|=272 degQ=271 padded to n'=273
HELIB_COMPOSED_EVAL: norm form c=212 degC=91 (search 38.8445s)
deg of poly for non-power-of-p aux is 1631
security=80.8639
# small primes = 6
# ctxt primes = 23
# bits in ctxt primes = 1331
# special primes = 8
# bits in special primes = 463
scale=10
 done in 1669.77 seconds
  e=0, e'=0, t=12
  m = 50633, p = 4423, phi(m) = 46020
  ord(p) = 3
  normBnd = 1.6101
  polyNormBnd = 3.13422
  factors = [11 4603]
  generator 41428 has order (== Z_m^*) of 10
  generator 13817 has order (== Z_m^*) of 1534
r = 1
nslots = 15340
hwt = 120
ctxtPrimes = [6,7,8,9,10,11,12,13,14,15,16,17,18,19,20,21,22,23,24,25,26,27,28]
specialPrimes = [33,34,35,36,37,38,39,40]
number of bits = 1795

security level = 80.8639
Generating keys, Keys generated. Now genRecryptData...
computing key-dependent tables...Sparse boot key hwt = 12
genRecryptData done. recryptKeyID=1
lcAksBsgs=0 lcAksDelayed=0
Post-key setup done.
 done in 124.001 seconds
Encrypt succeeded.
WARNING: KS-noise-ratio = 1.06253 > 1
WARNING: KS-noise-ratio = 5.17533 > 1
HELIB_COMPOSED_EVAL active: order=6 degC=91 d=3
time for linear1 = 39.472341, linear2 = 306.220352, extract = 93.590985, total = 444.707247
bits for linear1 = 45.544687, linear2 = 46.112691, extract = 514.007387, min cap = 8.753697, after cap = 726.518959, after prod = 1286.639037
cap / time = 1.511602
0 is bad
1 is bad
2 is bad
3 is bad
4 is bad
5 is bad
6 is bad
7 is bad
8 is bad
10 is bad
11 is bad
12 is bad
13 is bad
14 is bad
15 is bad
16 is bad
17 is bad
18 is bad
19 is bad
20 is bad
21 is bad
22 is bad
23 is bad
24 is bad
25 is bad
26 is bad
27 is bad
28 is bad
29 is bad
30 is bad
31 is bad
32 is bad
33 is bad
34 is bad
35 is bad
36 is bad
37 is bad
38 is bad
39 is bad
40 is bad
41 is bad
42 is bad
43 is bad
44 is bad
45 is bad
46 is bad
47 is bad
48 is bad
49 is bad
50 is bad
51 is bad
52 is bad
53 is bad
54 is bad
55 is bad
56 is bad
57 is bad
58 is bad
59 is bad
60 is bad
61 is bad
62 is bad
64 is bad
65 is bad
66 is bad
67 is bad
68 is bad
69 is bad
70 is bad
71 is bad
72 is bad
73 is bad
74 is bad
75 is bad
76 is bad
77 is bad
78 is bad
79 is bad
80 is bad
81 is bad
82 is bad
83 is bad
84 is bad
85 is bad
86 is bad
87 is bad
88 is bad
89 is bad
90 is bad
91 is bad
93 is bad
94 is bad
95 is bad
96 is bad
97 is bad
98 is bad
99 is bad
100 is bad
101 is bad
102 is bad
103 is bad
104 is bad
105 is bad
106 is bad
107 is bad
108 is bad
109 is bad
111 is bad
112 is bad
113 is bad
114 is bad
115 is bad
116 is bad
117 is bad
118 is bad
119 is bad
120 is bad
121 is bad
122 is bad
123 is bad
124 is bad
125 is bad
126 is bad
127 is bad
128 is bad
129 is bad
130 is bad
131 is bad
132 is bad
133 is bad
134 is bad
135 is bad
136 is bad
137 is bad
138 is bad
139 is bad
140 is bad
141 is bad
142 is bad
143 is bad
144 is bad
145 is bad
146 is bad
147 is bad
148 is bad
149 is bad
150 is bad
151 is bad
152 is bad
153 is bad
154 is bad
155 is bad
156 is bad
157 is bad
158 is bad
159 is bad
160 is bad
161 is bad
162 is bad
163 is bad
164 is bad
165 is bad
166 is bad
167 is bad
169 is bad
170 is bad
171 is bad
172 is bad
173 is bad
174 is bad
175 is bad
176 is bad
178 is bad
179 is bad
180 is bad
181 is bad
182 is bad
183 is bad
186 is bad
187 is bad
188 is bad
189 is bad
190 is bad
191 is bad
192 is bad
193 is bad
194 is bad
195 is bad
196 is bad
197 is bad
198 is bad
199 is bad
200 is bad
201 is bad
202 is bad
203 is bad
204 is bad
205 is bad
206 is bad
207 is bad
208 is bad
210 is bad
211 is bad
212 is bad
213 is bad
214 is bad
215 is bad
216 is bad
217 is bad
218 is bad
219 is bad
220 is bad
221 is bad
222 is bad
224 is bad
225 is bad
226 is bad
227 is bad
228 is bad
229 is bad
230 is bad
231 is bad
232 is bad
233 is bad
234 is bad
235 is bad
236 is bad
237 is bad
238 is bad
240 is bad
241 is bad
242 is bad
243 is bad
244 is bad
245 is bad
246 is bad
247 is bad
248 is bad
249 is bad
250 is bad
251 is bad
252 is bad
254 is bad
255 is bad
256 is bad
257 is bad
258 is bad
259 is bad
260 is bad
261 is bad
262 is bad
263 is bad
264 is bad
265 is bad
266 is bad
267 is bad
268 is bad
269 is bad
270 is bad
271 is bad
272 is bad
273 is bad
274 is bad
276 is bad
277 is bad
278 is bad
279 is bad
280 is bad
281 is bad
282 is bad
283 is bad
284 is bad
285 is bad
286 is bad
287 is bad
288 is bad
289 is bad
290 is bad
291 is bad
292 is bad
293 is bad
294 is bad
295 is bad
297 is bad
298 is bad
299 is bad
300 is bad
301 is bad
302 is bad
303 is bad
304 is bad
305 is bad
307 is bad
308 is bad
309 is bad
310 is bad
312 is bad
313 is bad
314 is bad
315 is bad
316 is bad
317 is bad
318 is bad
319 is bad
320 is bad
321 is bad
322 is bad
323 is bad
324 is bad
325 is bad
326 is bad
327 is bad
328 is bad
329 is bad
330 is bad
331 is bad
332 is bad
333 is bad
334 is bad
335 is bad
336 is bad
337 is bad
338 is bad
339 is bad
340 is bad
341 is bad
342 is bad
343 is bad
344 is bad
345 is bad
346 is bad
347 is bad
348 is bad
349 is bad
350 is bad
351 is bad
352 is bad
353 is bad
354 is bad
355 is bad
356 is bad
357 is bad
358 is bad
359 is bad
360 is bad
362 is bad
363 is bad
364 is bad
365 is bad
366 is bad
367 is bad
368 is bad
369 is bad
370 is bad
371 is bad
372 is bad
373 is bad
374 is bad
375 is bad
376 is bad
377 is bad
378 is bad
379 is bad
380 is bad
381 is bad
382 is bad
383 is bad
384 is bad
385 is bad
386 is bad
387 is bad
389 is bad
390 is bad
391 is bad
392 is bad
393 is bad
395 is bad
396 is bad
397 is bad
398 is bad
399 is bad
400 is bad
401 is bad
402 is bad
403 is bad
404 is bad
405 is bad
406 is bad
407 is bad
408 is bad
409 is bad
410 is bad
411 is bad
412 is bad
413 is bad
414 is bad
415 is bad
416 is bad
417 is bad
418 is bad
419 is bad
420 is bad
421 is bad
422 is bad
423 is bad
424 is bad
425 is bad
426 is bad
427 is bad
428 is bad
429 is bad
430 is bad
431 is bad
432 is bad
433 is bad
434 is bad
435 is bad
436 is bad
437 is bad
439 is bad
440 is bad
441 is bad
442 is bad
443 is bad
444 is bad
445 is bad
446 is bad
447 is bad
448 is bad
449 is bad
450 is bad
451 is bad
452 is bad
453 is bad
454 is bad
455 is bad
456 is bad
457 is bad
458 is bad
459 is bad
460 is bad
461 is bad
462 is bad
463 is bad
464 is bad
465 is bad
466 is bad
467 is bad
468 is bad
469 is bad
470 is bad
471 is bad
472 is bad
473 is bad
474 is bad
475 is bad
476 is bad
477 is bad
478 is bad
479 is bad
480 is bad
481 is bad
483 is bad
484 is bad
485 is bad
486 is bad
487 is bad
488 is bad
489 is bad
490 is bad
491 is bad
492 is bad
493 is bad
494 is bad
495 is bad
496 is bad
497 is bad
498 is bad
499 is bad
500 is bad
501 is bad
502 is bad
503 is bad
504 is bad
505 is bad
506 is bad
507 is bad
508 is bad
509 is bad
510 is bad
511 is bad
512 is bad
513 is bad
514 is bad
515 is bad
516 is bad
517 is bad
519 is bad
520 is bad
521 is bad
522 is bad
524 is bad
525 is bad
526 is bad
527 is bad
528 is bad
529 is bad
530 is bad
531 is bad
532 is bad
533 is bad
534 is bad
535 is bad
536 is bad
537 is bad
538 is bad
539 is bad
540 is bad
541 is bad
542 is bad
543 is bad
544 is bad
545 is bad
546 is bad
547 is bad
548 is bad
549 is bad
550 is bad
551 is bad
552 is bad
553 is bad
554 is bad
555 is bad
556 is bad
557 is bad
558 is bad
559 is bad
560 is bad
562 is bad
563 is bad
564 is bad
565 is bad
566 is bad
567 is bad
568 is bad
569 is bad
570 is bad
571 is bad
572 is bad
573 is bad
574 is bad
575 is bad
576 is bad
577 is bad
578 is bad
579 is bad
580 is bad
581 is bad
583 is bad
584 is bad
585 is bad
586 is bad
587 is bad
588 is bad
589 is bad
590 is bad
591 is bad
592 is bad
593 is bad
594 is bad
595 is bad
596 is bad
597 is bad
599 is bad
600 is bad
601 is bad
602 is bad
603 is bad
604 is bad
606 is bad
607 is bad
608 is bad
609 is bad
610 is bad
611 is bad
612 is bad
613 is bad
614 is bad
615 is bad
616 is bad
617 is bad
618 is bad
619 is bad
620 is bad
621 is bad
622 is bad
623 is bad
624 is bad
625 is bad
626 is bad
627 is bad
628 is bad
629 is bad
630 is bad
631 is bad
632 is bad
633 is bad
634 is bad
635 is bad
636 is bad
637 is bad
638 is bad
639 is bad
640 is bad
641 is bad
642 is bad
643 is bad
645 is bad
646 is bad
647 is bad
648 is bad
649 is bad
651 is bad
652 is bad
653 is bad
654 is bad
655 is bad
656 is bad
657 is bad
658 is bad
661 is bad
662 is bad
663 is bad
664 is bad
665 is bad
666 is bad
667 is bad
668 is bad
669 is bad
671 is bad
672 is bad
673 is bad
674 is bad
675 is bad
676 is bad
677 is bad
678 is bad
679 is bad
680 is bad
681 is bad
682 is bad
683 is bad
685 is bad
686 is bad
687 is bad
688 is bad
689 is bad
690 is bad
691 is bad
692 is bad
693 is bad
694 is bad
695 is bad
696 is bad
697 is bad
698 is bad
700 is bad
701 is bad
702 is bad
703 is bad
704 is bad
705 is bad
706 is bad
707 is bad
708 is bad
709 is bad
710 is bad
711 is bad
712 is bad
713 is bad
714 is bad
715 is bad
716 is bad
717 is bad
718 is bad
719 is bad
720 is bad
721 is bad
722 is bad
723 is bad
724 is bad
725 is bad
726 is bad
727 is bad
728 is bad
729 is bad
730 is bad
731 is bad
732 is bad
733 is bad
734 is bad
735 is bad
736 is bad
737 is bad
738 is bad
739 is bad
740 is bad
741 is bad
742 is bad
743 is bad
744 is bad
745 is bad
746 is bad
747 is bad
748 is bad
749 is bad
750 is bad
751 is bad
752 is bad
753 is bad
754 is bad
755 is bad
756 is bad
757 is bad
758 is bad
759 is bad
760 is bad
761 is bad
762 is bad
763 is bad
764 is bad
765 is bad
766 is bad
767 is bad
768 is bad
770 is bad
771 is bad
772 is bad
773 is bad
774 is bad
775 is bad
776 is bad
777 is bad
779 is bad
780 is bad
781 is bad
783 is bad
784 is bad
785 is bad
787 is bad
788 is bad
789 is bad
790 is bad
791 is bad
792 is bad
793 is bad
794 is bad
795 is bad
796 is bad
797 is bad
798 is bad
799 is bad
800 is bad
801 is bad
802 is bad
803 is bad
804 is bad
805 is bad
806 is bad
807 is bad
808 is bad
809 is bad
810 is bad
811 is bad
812 is bad
813 is bad
814 is bad
815 is bad
816 is bad
817 is bad
818 is bad
819 is bad
820 is bad
821 is bad
822 is bad
823 is bad
824 is bad
825 is bad
826 is bad
827 is bad
828 is bad
829 is bad
830 is bad
831 is bad
832 is bad
833 is bad
834 is bad
835 is bad
836 is bad
837 is bad
839 is bad
840 is bad
841 is bad
842 is bad
843 is bad
844 is bad
845 is bad
846 is bad
847 is bad
848 is bad
849 is bad
850 is bad
851 is bad
852 is bad
853 is bad
854 is bad
855 is bad
856 is bad
857 is bad
858 is bad
859 is bad
860 is bad
861 is bad
862 is bad
863 is bad
864 is bad
865 is bad
866 is bad
867 is bad
868 is bad
869 is bad
870 is bad
871 is bad
872 is bad
873 is bad
875 is bad
876 is bad
877 is bad
878 is bad
879 is bad
880 is bad
881 is bad
882 is bad
883 is bad
884 is bad
885 is bad
886 is bad
887 is bad
888 is bad
889 is bad
890 is bad
891 is bad
893 is bad
894 is bad
895 is bad
896 is bad
897 is bad
898 is bad
899 is bad
900 is bad
901 is bad
902 is bad
903 is bad
904 is bad
905 is bad
906 is bad
907 is bad
908 is bad
909 is bad
911 is bad
912 is bad
913 is bad
914 is bad
915 is bad
916 is bad
918 is bad
919 is bad
920 is bad
921 is bad
922 is bad
923 is bad
924 is bad
925 is bad
926 is bad
927 is bad
928 is bad
929 is bad
930 is bad
931 is bad
932 is bad
933 is bad
934 is bad
936 is bad
937 is bad
938 is bad
939 is bad
940 is bad
941 is bad
942 is bad
943 is bad
944 is bad
945 is bad
947 is bad
948 is bad
949 is bad
950 is bad
951 is bad
952 is bad
954 is bad
955 is bad
956 is bad
957 is bad
958 is bad
959 is bad
960 is bad
961 is bad
962 is bad
963 is bad
964 is bad
965 is bad
966 is bad
967 is bad
968 is bad
969 is bad
970 is bad
971 is bad
972 is bad
973 is bad
974 is bad
975 is bad
976 is bad
977 is bad
978 is bad
979 is bad
980 is bad
981 is bad
982 is bad
983 is bad
984 is bad
986 is bad
987 is bad
988 is bad
989 is bad
990 is bad
991 is bad
992 is bad
994 is bad
995 is bad
996 is bad
997 is bad
998 is bad
999 is bad
1000 is bad
1001 is bad
1003 is bad
1004 is bad
1005 is bad
1006 is bad
1007 is bad
1008 is bad
1010 is bad
1011 is bad
1012 is bad
1013 is bad
1014 is bad
1015 is bad
1016 is bad
1017 is bad
1018 is bad
1019 is bad
1020 is bad
1021 is bad
1022 is bad
1023 is bad
1024 is bad
1025 is bad
1026 is bad
1027 is bad
1028 is bad
1029 is bad
1030 is bad
1032 is bad
1033 is bad
1034 is bad
1035 is bad
1036 is bad
1037 is bad
1038 is bad
1039 is bad
1040 is bad
1041 is bad
1042 is bad
1043 is bad
1044 is bad
1045 is bad
1046 is bad
1047 is bad
1049 is bad
1050 is bad
1051 is bad
1052 is bad
1053 is bad
1054 is bad
1055 is bad
1056 is bad
1057 is bad
1058 is bad
1059 is bad
1060 is bad
1061 is bad
1062 is bad
1063 is bad
1064 is bad
1066 is bad
1067 is bad
1068 is bad
1069 is bad
1070 is bad
1071 is bad
1072 is bad
1073 is bad
1074 is bad
1075 is bad
1076 is bad
1077 is bad
1079 is bad
1080 is bad
1081 is bad
1082 is bad
1083 is bad
1084 is bad
1085 is bad
1086 is bad
1087 is bad
1088 is bad
1089 is bad
1090 is bad
1091 is bad
1092 is bad
1093 is bad
1094 is bad
1095 is bad
1096 is bad
1097 is bad
1098 is bad
1099 is bad
1100 is bad
1101 is bad
1103 is bad
1104 is bad
1105 is bad
1106 is bad
1107 is bad
1108 is bad
1110 is bad
1111 is bad
1112 is bad
1113 is bad
1114 is bad
1115 is bad
1116 is bad
1117 is bad
1118 is bad
1119 is bad
1120 is bad
1121 is bad
1122 is bad
1123 is bad
1124 is bad
1125 is bad
1126 is bad
1128 is bad
1129 is bad
1130 is bad
1131 is bad
1132 is bad
1133 is bad
1135 is bad
1136 is bad
1137 is bad
1138 is bad
1139 is bad
1140 is bad
1141 is bad
1142 is bad
1143 is bad
1144 is bad
1145 is bad
1146 is bad
1147 is bad
1148 is bad
1149 is bad
1150 is bad
1151 is bad
1152 is bad
1153 is bad
1154 is bad
1155 is bad
1156 is bad
1157 is bad
1158 is bad
1159 is bad
1160 is bad
1161 is bad
1162 is bad
1163 is bad
1164 is bad
1165 is bad
1166 is bad
1167 is bad
1169 is bad
1170 is bad
1171 is bad
1172 is bad
1173 is bad
1174 is bad
1176 is bad
1177 is bad
1178 is bad
1179 is bad
1180 is bad
1181 is bad
1182 is bad
1183 is bad
1184 is bad
1185 is bad
1186 is bad
1187 is bad
1189 is bad
1190 is bad
1191 is bad
1192 is bad
1193 is bad
1194 is bad
1195 is bad
1196 is bad
1197 is bad
1198 is bad
1199 is bad
1200 is bad
1201 is bad
1202 is bad
1203 is bad
1204 is bad
1205 is bad
1206 is bad
1207 is bad
1208 is bad
1209 is bad
1210 is bad
1211 is bad
1212 is bad
1213 is bad
1214 is bad
1215 is bad
1216 is bad
1217 is bad
1218 is bad
1219 is bad
1220 is bad
1221 is bad
1222 is bad
1223 is bad
1224 is bad
1225 is bad
1226 is bad
1227 is bad
1228 is bad
1229 is bad
1230 is bad
1231 is bad
1232 is bad
1233 is bad
1234 is bad
1235 is bad
1236 is bad
1237 is bad
1238 is bad
1239 is bad
1240 is bad
1241 is bad
1242 is bad
1243 is bad
1244 is bad
1245 is bad
1246 is bad
1247 is bad
1248 is bad
1249 is bad
1250 is bad
1251 is bad
1252 is bad
1253 is bad
1254 is bad
1255 is bad
1256 is bad
1257 is bad
1258 is bad
1259 is bad
1260 is bad
1261 is bad
1262 is bad
1263 is bad
1264 is bad
1265 is bad
1266 is bad
1268 is bad
1269 is bad
1270 is bad
1271 is bad
1272 is bad
1273 is bad
1274 is bad
1275 is bad
1276 is bad
1277 is bad
1278 is bad
1279 is bad
1281 is bad
1282 is bad
1283 is bad
1284 is bad
1285 is bad
1286 is bad
1287 is bad
1288 is bad
1289 is bad
1290 is bad
1291 is bad
1292 is bad
1293 is bad
1294 is bad
1295 is bad
1296 is bad
1297 is bad
1298 is bad
1299 is bad
1300 is bad
1301 is bad
1302 is bad
1304 is bad
1305 is bad
1306 is bad
1307 is bad
1308 is bad
1309 is bad
1310 is bad
1311 is bad
1312 is bad
1313 is bad
1314 is bad
1315 is bad
1316 is bad
1317 is bad
1318 is bad
1319 is bad
1320 is bad
1321 is bad
1322 is bad
1323 is bad
1324 is bad
1325 is bad
1326 is bad
1327 is bad
1328 is bad
1329 is bad
1330 is bad
1331 is bad
1332 is bad
1333 is bad
1334 is bad
1335 is bad
1336 is bad
1337 is bad
1338 is bad
1339 is bad
1340 is bad
1341 is bad
1342 is bad
1343 is bad
1344 is bad
1345 is bad
1346 is bad
1347 is bad
1349 is bad
1350 is bad
1351 is bad
1352 is bad
1353 is bad
1354 is bad
1355 is bad
1356 is bad
1357 is bad
1358 is bad
1359 is bad
1360 is bad
1361 is bad
1362 is bad
1363 is bad
1364 is bad
1365 is bad
1366 is bad
1367 is bad
1368 is bad
1369 is bad
1371 is bad
1372 is bad
1373 is bad
1374 is bad
1375 is bad
1376 is bad
1377 is bad
1379 is bad
1380 is bad
1381 is bad
1382 is bad
1383 is bad
1384 is bad
1386 is bad
1387 is bad
1388 is bad
1389 is bad
1390 is bad
1391 is bad
1393 is bad
1394 is bad
1395 is bad
1396 is bad
1397 is bad
1398 is bad
1399 is bad
1400 is bad
1401 is bad
1402 is bad
1404 is bad
1405 is bad
1406 is bad
1407 is bad
1408 is bad
1409 is bad
1410 is bad
1411 is bad
1412 is bad
1413 is bad
1414 is bad
1415 is bad
1417 is bad
1418 is bad
1419 is bad
1420 is bad
1421 is bad
1422 is bad
1424 is bad
1425 is bad
1426 is bad
1427 is bad
1428 is bad
1430 is bad
1431 is bad
1432 is bad
1433 is bad
1434 is bad
1435 is bad
1436 is bad
1437 is bad
1438 is bad
1439 is bad
1440 is bad
1441 is bad
1442 is bad
1443 is bad
1444 is bad
1445 is bad
1446 is bad
1447 is bad
1448 is bad
1449 is bad
1450 is bad
1451 is bad
1452 is bad
1453 is bad
1454 is bad
1455 is bad
1456 is bad
1457 is bad
1458 is bad
1459 is bad
1460 is bad
1461 is bad
1462 is bad
1463 is bad
1464 is bad
1465 is bad
1466 is bad
1467 is bad
1468 is bad
1469 is bad
1470 is bad
1471 is bad
1472 is bad
1473 is bad
1474 is bad
1475 is bad
1476 is bad
1477 is bad
1478 is bad
1479 is bad
1480 is bad
1481 is bad
1482 is bad
1483 is bad
1484 is bad
1486 is bad
1487 is bad
1488 is bad
1489 is bad
1490 is bad
1492 is bad
1493 is bad
1494 is bad
1495 is bad
1496 is bad
1497 is bad
1498 is bad
1499 is bad
1500 is bad
1501 is bad
1502 is bad
1504 is bad
1505 is bad
1506 is bad
1507 is bad
1508 is bad
1509 is bad
1510 is bad
1511 is bad
1512 is bad
1513 is bad
1514 is bad
1515 is bad
1516 is bad
1517 is bad
1518 is bad
1519 is bad
1520 is bad
1521 is bad
1522 is bad
1523 is bad
1524 is bad
1527 is bad
1528 is bad
1529 is bad
1530 is bad
1531 is bad
1532 is bad
1533 is bad
1534 is bad
1535 is bad
1536 is bad
1537 is bad
1538 is bad
1539 is bad
1540 is bad
1541 is bad
1542 is bad
1543 is bad
1544 is bad
1545 is bad
1546 is bad
1547 is bad
1549 is bad
1550 is bad
1551 is bad
1552 is bad
1553 is bad
1554 is bad
1555 is bad
1556 is bad
1557 is bad
1558 is bad
1559 is bad
1560 is bad
1561 is bad
1562 is bad
1563 is bad
1564 is bad
1565 is bad
1566 is bad
1567 is bad
1568 is bad
1569 is bad
1570 is bad
1571 is bad
1572 is bad
1573 is bad
1574 is bad
1575 is bad
1576 is bad
1577 is bad
1578 is bad
1579 is bad
1580 is bad
1581 is bad
1582 is bad
1583 is bad
1584 is bad
1585 is bad
1586 is bad
1587 is bad
1588 is bad
1589 is bad
1590 is bad
1591 is bad
1592 is bad
1593 is bad
1594 is bad
1595 is bad
1596 is bad
1597 is bad
1598 is bad
1599 is bad
1600 is bad
1601 is bad
1602 is bad
1603 is bad
1604 is bad
1605 is bad
1606 is bad
1607 is bad
1608 is bad
1609 is bad
1610 is bad
1611 is bad
1612 is bad
1613 is bad
1614 is bad
1615 is bad
1616 is bad
1617 is bad
1618 is bad
1619 is bad
1620 is bad
1621 is bad
1622 is bad
1623 is bad
1624 is bad
1625 is bad
1626 is bad
1627 is bad
1628 is bad
1629 is bad
1630 is bad
1631 is bad
1632 is bad
1633 is bad
1634 is bad
1635 is bad
1636 is bad
1637 is bad
1638 is bad
1639 is bad
1640 is bad
1641 is bad
1642 is bad
1643 is bad
1644 is bad
1645 is bad
1646 is bad
1647 is bad
1648 is bad
1649 is bad
1650 is bad
1651 is bad
1652 is bad
1653 is bad
1654 is bad
1655 is bad
1656 is bad
1657 is bad
1659 is bad
1660 is bad
1661 is bad
1662 is bad
1663 is bad
1664 is bad
1665 is bad
1666 is bad
1667 is bad
1668 is bad
1669 is bad
1670 is bad
1671 is bad
1672 is bad
1673 is bad
1674 is bad
1675 is bad
1676 is bad
1677 is bad
1678 is bad
1679 is bad
1680 is bad
1681 is bad
1682 is bad
1683 is bad
1684 is bad
1685 is bad
1686 is bad
1687 is bad
1688 is bad
1689 is bad
1690 is bad
1691 is bad
1692 is bad
1693 is bad
1694 is bad
1695 is bad
1696 is bad
1698 is bad
1699 is bad
1700 is bad
1701 is bad
1702 is bad
1703 is bad
1704 is bad
1705 is bad
1706 is bad
1707 is bad
1708 is bad
1709 is bad
1710 is bad
1711 is bad
1712 is bad
1713 is bad
1714 is bad
1715 is bad
1716 is bad
1717 is bad
1718 is bad
1719 is bad
1720 is bad
1721 is bad
1722 is bad
1723 is bad
1724 is bad
1725 is bad
1726 is bad
1727 is bad
1728 is bad
1729 is bad
1730 is bad
1731 is bad
1732 is bad
1733 is bad
1734 is bad
1735 is bad
1736 is bad
1737 is bad
1738 is bad
1739 is bad
1740 is bad
1741 is bad
1742 is bad
1743 is bad
1744 is bad
1745 is bad
1746 is bad
1747 is bad
1748 is bad
1749 is bad
1750 is bad
1751 is bad
1752 is bad
1753 is bad
1754 is bad
1755 is bad
1756 is bad
1757 is bad
1758 is bad
1759 is bad
1761 is bad
1762 is bad
1763 is bad
1764 is bad
1765 is bad
1766 is bad
1767 is bad
1768 is bad
1769 is bad
1770 is bad
1771 is bad
1772 is bad
1773 is bad
1774 is bad
1775 is bad
1776 is bad
1777 is bad
1778 is bad
1779 is bad
1780 is bad
1781 is bad
1782 is bad
1783 is bad
1784 is bad
1785 is bad
1786 is bad
1787 is bad
1789 is bad
1790 is bad
1791 is bad
1792 is bad
1794 is bad
1795 is bad
1796 is bad
1797 is bad
1798 is bad
1799 is bad
1800 is bad
1801 is bad
1802 is bad
1803 is bad
1804 is bad
1805 is bad
1806 is bad
1807 is bad
1808 is bad
1809 is bad
1810 is bad
1811 is bad
1812 is bad
1813 is bad
1814 is bad
1815 is bad
1816 is bad
1817 is bad
1818 is bad
1819 is bad
1820 is bad
1821 is bad
1822 is bad
1823 is bad
1824 is bad
1825 is bad
1826 is bad
1827 is bad
1828 is bad
1829 is bad
1830 is bad
1831 is bad
1832 is bad
1833 is bad
1834 is bad
1835 is bad
1836 is bad
1837 is bad
1838 is bad
1839 is bad
1840 is bad
1841 is bad
1842 is bad
1843 is bad
1844 is bad
1845 is bad
1846 is bad
1847 is bad
1848 is bad
1849 is bad
1850 is bad
1851 is bad
1852 is bad
1853 is bad
1854 is bad
1855 is bad
1856 is bad
1857 is bad
1858 is bad
1859 is bad
1860 is bad
1861 is bad
1862 is bad
1863 is bad
1864 is bad
1865 is bad
1866 is bad
1867 is bad
1868 is bad
1869 is bad
1870 is bad
1871 is bad
1872 is bad
1873 is bad
1874 is bad
1875 is bad
1876 is bad
1877 is bad
1878 is bad
1879 is bad
1880 is bad
1881 is bad
1882 is bad
1883 is bad
1884 is bad
1885 is bad
1886 is bad
1887 is bad
1888 is bad
1889 is bad
1890 is bad
1891 is bad
1892 is bad
1893 is bad
1894 is bad
1895 is bad
1896 is bad
1897 is bad
1898 is bad
1900 is bad
1901 is bad
1902 is bad
1903 is bad
1904 is bad
1905 is bad
1906 is bad
1907 is bad
1908 is bad
1909 is bad
1910 is bad
1911 is bad
1912 is bad
1913 is bad
1914 is bad
1915 is bad
1916 is bad
1917 is bad
1918 is bad
1919 is bad
1920 is bad
1921 is bad
1922 is bad
1924 is bad
1925 is bad
1926 is bad
1927 is bad
1928 is bad
1929 is bad
1930 is bad
1931 is bad
1932 is bad
1933 is bad
1935 is bad
1936 is bad
1937 is bad
1938 is bad
1939 is bad
1940 is bad
1941 is bad
1942 is bad
1943 is bad
1944 is bad
1945 is bad
1946 is bad
1947 is bad
1948 is bad
1949 is bad
1950 is bad
1951 is bad
1952 is bad
1953 is bad
1954 is bad
1955 is bad
1956 is bad
1957 is bad
1958 is bad
1959 is bad
1960 is bad
1961 is bad
1962 is bad
1963 is bad
1964 is bad
1965 is bad
1966 is bad
1967 is bad
1968 is bad
1969 is bad
1970 is bad
1971 is bad
1972 is bad
1973 is bad
1974 is bad
1975 is bad
1976 is bad
1977 is bad
1978 is bad
1979 is bad
1980 is bad
1981 is bad
1982 is bad
1983 is bad
1984 is bad
1985 is bad
1986 is bad
1987 is bad
1988 is bad
1989 is bad
1990 is bad
1991 is bad
1992 is bad
1993 is bad
1994 is bad
1995 is bad
1996 is bad
1997 is bad
1998 is bad
1999 is bad
2000 is bad
2001 is bad
2002 is bad
2003 is bad
2004 is bad
2005 is bad
2006 is bad
2007 is bad
2008 is bad
2010 is bad
2011 is bad
2012 is bad
2013 is bad
2014 is bad
2015 is bad
2016 is bad
2017 is bad
2018 is bad
2019 is bad
2020 is bad
2021 is bad
2022 is bad
2023 is bad
2024 is bad
2025 is bad
2026 is bad
2028 is bad
2029 is bad
2030 is bad
2031 is bad
2032 is bad
2033 is bad
2034 is bad
2035 is bad
2036 is bad
2037 is bad
2038 is bad
2039 is bad
2040 is bad
2041 is bad
2042 is bad
2043 is bad
2044 is bad
2045 is bad
2046 is bad
2047 is bad
2048 is bad
2049 is bad
2050 is bad
2051 is bad
2052 is bad
2053 is bad
2054 is bad
2055 is bad
2056 is bad
2057 is bad
2058 is bad
2059 is bad
2060 is bad
2061 is bad
2062 is bad
2063 is bad
2064 is bad
2065 is bad
2066 is bad
2067 is bad
2068 is bad
2069 is bad
2070 is bad
2071 is bad
2072 is bad
2073 is bad
2074 is bad
2075 is bad
2076 is bad
2077 is bad
2078 is bad
2079 is bad
2080 is bad
2081 is bad
2082 is bad
2083 is bad
2084 is bad
2085 is bad
2086 is bad
2087 is bad
2088 is bad
2089 is bad
2090 is bad
2091 is bad
2092 is bad
2093 is bad
2094 is bad
2096 is bad
2097 is bad
2098 is bad
2099 is bad
2100 is bad
2101 is bad
2102 is bad
2103 is bad
2104 is bad
2105 is bad
2106 is bad
2107 is bad
2108 is bad
2109 is bad
2110 is bad
2111 is bad
2112 is bad
2114 is bad
2115 is bad
2116 is bad
2117 is bad
2118 is bad
2119 is bad
2120 is bad
2121 is bad
2122 is bad
2123 is bad
2124 is bad
2125 is bad
2126 is bad
2127 is bad
2128 is bad
2129 is bad
2130 is bad
2131 is bad
2132 is bad
2133 is bad
2134 is bad
2135 is bad
2136 is bad
2137 is bad
2138 is bad
2139 is bad
2141 is bad
2142 is bad
2143 is bad
2144 is bad
2145 is bad
2146 is bad
2147 is bad
2148 is bad
2149 is bad
2150 is bad
2151 is bad
2152 is bad
2153 is bad
2154 is bad
2155 is bad
2156 is bad
2157 is bad
2158 is bad
2159 is bad
2160 is bad
2161 is bad
2162 is bad
2163 is bad
2164 is bad
2165 is bad
2166 is bad
2167 is bad
2168 is bad
2169 is bad
2170 is bad
2171 is bad
2172 is bad
2174 is bad
2175 is bad
2176 is bad
2177 is bad
2178 is bad
2179 is bad
2180 is bad
2181 is bad
2182 is bad
2184 is bad
2185 is bad
2186 is bad
2187 is bad
2188 is bad
2189 is bad
2190 is bad
2191 is bad
2192 is bad
2194 is bad
2195 is bad
2196 is bad
2197 is bad
2198 is bad
2199 is bad
2200 is bad
2201 is bad
2202 is bad
2203 is bad
2204 is bad
2205 is bad
2206 is bad
2207 is bad
2208 is bad
2209 is bad
2210 is bad
2211 is bad
2212 is bad
2213 is bad
2214 is bad
2215 is bad
2216 is bad
2217 is bad
2218 is bad
2219 is bad
2220 is bad
2221 is bad
2222 is bad
2223 is bad
2224 is bad
2225 is bad
2226 is bad
2227 is bad
2228 is bad
2229 is bad
2230 is bad
2231 is bad
2232 is bad
2233 is bad
2234 is bad
2235 is bad
2236 is bad
2237 is bad
2238 is bad
2239 is bad
2240 is bad
2241 is bad
2242 is bad
2243 is bad
2244 is bad
2245 is bad
2246 is bad
2247 is bad
2248 is bad
2249 is bad
2250 is bad
2251 is bad
2252 is bad
2253 is bad
2254 is bad
2255 is bad
2256 is bad
2257 is bad
2258 is bad
2259 is bad
2260 is bad
2261 is bad
2262 is bad
2263 is bad
2264 is bad
2265 is bad
2266 is bad
2267 is bad
2268 is bad
2269 is bad
2270 is bad
2271 is bad
2272 is bad
2273 is bad
2274 is bad
2275 is bad
2276 is bad
2277 is bad
2278 is bad
2279 is bad
2280 is bad
2281 is bad
2282 is bad
2283 is bad
2284 is bad
2285 is bad
2286 is bad
2287 is bad
2288 is bad
2289 is bad
2290 is bad
2291 is bad
2293 is bad
2294 is bad
2295 is bad
2296 is bad
2297 is bad
2298 is bad
2299 is bad
2300 is bad
2301 is bad
2302 is bad
2303 is bad
2304 is bad
2306 is bad
2307 is bad
2308 is bad
2309 is bad
2310 is bad
2311 is bad
2312 is bad
2313 is bad
2314 is bad
2315 is bad
2316 is bad
2317 is bad
2318 is bad
2319 is bad
2320 is bad
2321 is bad
2323 is bad
2324 is bad
2325 is bad
2327 is bad
2328 is bad
2329 is bad
2330 is bad
2331 is bad
2332 is bad
2333 is bad
2334 is bad
2335 is bad
2336 is bad
2337 is bad
2338 is bad
2339 is bad
2340 is bad
2341 is bad
2342 is bad
2343 is bad
2344 is bad
2345 is bad
2346 is bad
2347 is bad
2348 is bad
2349 is bad
2350 is bad
2351 is bad
2352 is bad
2353 is bad
2354 is bad
2355 is bad
2357 is bad
2358 is bad
2359 is bad
2360 is bad
2361 is bad
2362 is bad
2363 is bad
2364 is bad
2365 is bad
2366 is bad
2367 is bad
2368 is bad
2369 is bad
2370 is bad
2371 is bad
2372 is bad
2373 is bad
2374 is bad
2375 is bad
2376 is bad
2377 is bad
2378 is bad
2379 is bad
2380 is bad
2381 is bad
2382 is bad
2383 is bad
2384 is bad
2385 is bad
2386 is bad
2387 is bad
2388 is bad
2389 is bad
2390 is bad
2391 is bad
2392 is bad
2393 is bad
2394 is bad
2395 is bad
2396 is bad
2397 is bad
2398 is bad
2399 is bad
2400 is bad
2401 is bad
2402 is bad
2403 is bad
2404 is bad
2405 is bad
2406 is bad
2407 is bad
2408 is bad
2409 is bad
2410 is bad
2411 is bad
2412 is bad
2413 is bad
2414 is bad
2415 is bad
2416 is bad
2417 is bad
2418 is bad
2419 is bad
2420 is bad
2421 is bad
2422 is bad
2423 is bad
2424 is bad
2425 is bad
2426 is bad
2427 is bad
2428 is bad
2429 is bad
2430 is bad
2431 is bad
2432 is bad
2433 is bad
2434 is bad
2435 is bad
2436 is bad
2437 is bad
2438 is bad
2439 is bad
2440 is bad
2441 is bad
2442 is bad
2443 is bad
2444 is bad
2445 is bad
2446 is bad
2447 is bad
2448 is bad
2449 is bad
2450 is bad
2451 is bad
2452 is bad
2453 is bad
2454 is bad
2455 is bad
2456 is bad
2457 is bad
2458 is bad
2459 is bad
2460 is bad
2461 is bad
2462 is bad
2463 is bad
2464 is bad
2465 is bad
2466 is bad
2467 is bad
2468 is bad
2469 is bad
2470 is bad
2471 is bad
2472 is bad
2473 is bad
2474 is bad
2475 is bad
2476 is bad
2477 is bad
2478 is bad
2479 is bad
2480 is bad
2481 is bad
2483 is bad
2484 is bad
2485 is bad
2486 is bad
2487 is bad
2488 is bad
2489 is bad
2490 is bad
2491 is bad
2492 is bad
2493 is bad
2494 is bad
2495 is bad
2496 is bad
2497 is bad
2498 is bad
2499 is bad
2500 is bad
2501 is bad
2502 is bad
2503 is bad
2504 is bad
2505 is bad
2506 is bad
2507 is bad
2508 is bad
2509 is bad
2510 is bad
2511 is bad
2512 is bad
2513 is bad
2514 is bad
2515 is bad
2516 is bad
2517 is bad
2518 is bad
2519 is bad
2520 is bad
2521 is bad
2522 is bad
2523 is bad
2524 is bad
2525 is bad
2526 is bad
2527 is bad
2528 is bad
2529 is bad
2530 is bad
2531 is bad
2532 is bad
2533 is bad
2534 is bad
2535 is bad
2536 is bad
2537 is bad
2538 is bad
2539 is bad
2540 is bad
2541 is bad
2542 is bad
2543 is bad
2544 is bad
2545 is bad
2546 is bad
2547 is bad
2548 is bad
2549 is bad
2551 is bad
2552 is bad
2553 is bad
2554 is bad
2555 is bad
2556 is bad
2557 is bad
2558 is bad
2559 is bad
2560 is bad
2561 is bad
2562 is bad
2563 is bad
2564 is bad
2565 is bad
2566 is bad
2567 is bad
2568 is bad
2569 is bad
2570 is bad
2571 is bad
2572 is bad
2573 is bad
2574 is bad
2575 is bad
2576 is bad
2577 is bad
2578 is bad
2580 is bad
2581 is bad
2582 is bad
2583 is bad
2584 is bad
2586 is bad
2587 is bad
2588 is bad
2589 is bad
2590 is bad
2591 is bad
2592 is bad
2593 is bad
2594 is bad
2595 is bad
2597 is bad
2598 is bad
2599 is bad
2600 is bad
2601 is bad
2602 is bad
2603 is bad
2604 is bad
2605 is bad
2606 is bad
2607 is bad
2608 is bad
2609 is bad
2610 is bad
2611 is bad
2612 is bad
2613 is bad
2614 is bad
2615 is bad
2616 is bad
2617 is bad
2618 is bad
2619 is bad
2620 is bad
2621 is bad
2622 is bad
2623 is bad
2624 is bad
2625 is bad
2626 is bad
2627 is bad
2628 is bad
2629 is bad
2630 is bad
2631 is bad
2632 is bad
2633 is bad
2634 is bad
2635 is bad
2637 is bad
2638 is bad
2639 is bad
2641 is bad
2642 is bad
2643 is bad
2644 is bad
2645 is bad
2646 is bad
2647 is bad
2648 is bad
2649 is bad
2650 is bad
2651 is bad
2652 is bad
2653 is bad
2655 is bad
2656 is bad
2657 is bad
2658 is bad
2659 is bad
2660 is bad
2662 is bad
2663 is bad
2664 is bad
2665 is bad
2666 is bad
2667 is bad
2668 is bad
2669 is bad
2670 is bad
2671 is bad
2673 is bad
2674 is bad
2675 is bad
2676 is bad
2677 is bad
2678 is bad
2679 is bad
2680 is bad
2681 is bad
2682 is bad
2683 is bad
2684 is bad
2685 is bad
2686 is bad
2687 is bad
2688 is bad
2689 is bad
2690 is bad
2691 is bad
2692 is bad
2693 is bad
2694 is bad
2695 is bad
2696 is bad
2697 is bad
2698 is bad
2699 is bad
2700 is bad
2701 is bad
2702 is bad
2703 is bad
2704 is bad
2705 is bad
2706 is bad
2707 is bad
2708 is bad
2709 is bad
2710 is bad
2711 is bad
2712 is bad
2713 is bad
2714 is bad
2715 is bad
2716 is bad
2717 is bad
2718 is bad
2719 is bad
2720 is bad
2721 is bad
2722 is bad
2723 is bad
2724 is bad
2725 is bad
2726 is bad
2727 is bad
2728 is bad
2729 is bad
2730 is bad
2731 is bad
2732 is bad
2733 is bad
2734 is bad
2735 is bad
2736 is bad
2737 is bad
2738 is bad
2739 is bad
2740 is bad
2741 is bad
2742 is bad
2743 is bad
2744 is bad
2745 is bad
2746 is bad
2747 is bad
2748 is bad
2750 is bad
2751 is bad
2752 is bad
2753 is bad
2754 is bad
2755 is bad
2756 is bad
2757 is bad
2758 is bad
2759 is bad
2760 is bad
2761 is bad
2762 is bad
2763 is bad
2764 is bad
2765 is bad
2766 is bad
2767 is bad
2768 is bad
2769 is bad
2770 is bad
2771 is bad
2772 is bad
2773 is bad
2774 is bad
2775 is bad
2776 is bad
2777 is bad
2778 is bad
2779 is bad
2780 is bad
2781 is bad
2782 is bad
2783 is bad
2784 is bad
2785 is bad
2786 is bad
2787 is bad
2788 is bad
2789 is bad
2790 is bad
2791 is bad
2792 is bad
2793 is bad
2794 is bad
2795 is bad
2796 is bad
2797 is bad
2799 is bad
2800 is bad
2801 is bad
2802 is bad
2803 is bad
2804 is bad
2806 is bad
2807 is bad
2808 is bad
2809 is bad
2811 is bad
2812 is bad
2813 is bad
2815 is bad
2816 is bad
2817 is bad
2818 is bad
2819 is bad
2820 is bad
2821 is bad
2822 is bad
2823 is bad
2824 is bad
2825 is bad
2826 is bad
2827 is bad
2828 is bad
2829 is bad
2830 is bad
2831 is bad
2832 is bad
2833 is bad
2834 is bad
2835 is bad
2836 is bad
2837 is bad
2838 is bad
2839 is bad
2840 is bad
2841 is bad
2842 is bad
2844 is bad
2845 is bad
2846 is bad
2847 is bad
2848 is bad
2849 is bad
2850 is bad
2851 is bad
2852 is bad
2853 is bad
2854 is bad
2855 is bad
2856 is bad
2857 is bad
2858 is bad
2859 is bad
2860 is bad
2861 is bad
2862 is bad
2863 is bad
2864 is bad
2865 is bad
2866 is bad
2867 is bad
2868 is bad
2869 is bad
2870 is bad
2871 is bad
2872 is bad
2873 is bad
2874 is bad
2875 is bad
2876 is bad
2877 is bad
2878 is bad
2879 is bad
2880 is bad
2881 is bad
2882 is bad
2885 is bad
2886 is bad
2887 is bad
2888 is bad
2889 is bad
2890 is bad
2891 is bad
2892 is bad
2893 is bad
2894 is bad
2895 is bad
2896 is bad
2897 is bad
2898 is bad
2899 is bad
2900 is bad
2901 is bad
2902 is bad
2903 is bad
2904 is bad
2905 is bad
2906 is bad
2907 is bad
2908 is bad
2909 is bad
2910 is bad
2911 is bad
2912 is bad
2913 is bad
2914 is bad
2915 is bad
2916 is bad
2917 is bad
2918 is bad
2919 is bad
2920 is bad
2921 is bad
2922 is bad
2923 is bad
2925 is bad
2926 is bad
2927 is bad
2928 is bad
2929 is bad
2930 is bad
2931 is bad
2932 is bad
2933 is bad
2934 is bad
2935 is bad
2937 is bad
2938 is bad
2939 is bad
2940 is bad
2941 is bad
2942 is bad
2943 is bad
2944 is bad
2945 is bad
2946 is bad
2947 is bad
2948 is bad
2949 is bad
2950 is bad
2951 is bad
2952 is bad
2953 is bad
2954 is bad
2955 is bad
2956 is bad
2957 is bad
2958 is bad
2959 is bad
2960 is bad
2961 is bad
2962 is bad
2963 is bad
2964 is bad
2965 is bad
2966 is bad
2967 is bad
2968 is bad
2969 is bad
2970 is bad
2971 is bad
2972 is bad
2973 is bad
2974 is bad
2975 is bad
2976 is bad
2977 is bad
2978 is bad
2979 is bad
2980 is bad
2981 is bad
2982 is bad
2983 is bad
2984 is bad
2985 is bad
2986 is bad
2987 is bad
2988 is bad
2989 is bad
2990 is bad
2991 is bad
2992 is bad
2993 is bad
2994 is bad
2995 is bad
2996 is bad
2997 is bad
2998 is bad
2999 is bad
3000 is bad
3001 is bad
3002 is bad
3003 is bad
3004 is bad
3005 is bad
3006 is bad
3007 is bad
3008 is bad
3009 is bad
3010 is bad
3011 is bad
3012 is bad
3013 is bad
3014 is bad
3015 is bad
3016 is bad
3017 is bad
3018 is bad
3019 is bad
3020 is bad
3021 is bad
3022 is bad
3023 is bad
3024 is bad
3025 is bad
3026 is bad
3027 is bad
3028 is bad
3029 is bad
3030 is bad
3031 is bad
3032 is bad
3033 is bad
3034 is bad
3035 is bad
3036 is bad
3037 is bad
3038 is bad
3039 is bad
3040 is bad
3041 is bad
3042 is bad
3043 is bad
3044 is bad
3045 is bad
3046 is bad
3047 is bad
3048 is bad
3049 is bad
3050 is bad
3051 is bad
3052 is bad
3053 is bad
3054 is bad
3055 is bad
3056 is bad
3057 is bad
3058 is bad
3059 is bad
3060 is bad
3061 is bad
3062 is bad
3063 is bad
3064 is bad
3065 is bad
3066 is bad
3067 is bad
3068 is bad
3069 is bad
3070 is bad
3071 is bad
3072 is bad
3073 is bad
3074 is bad
3075 is bad
3076 is bad
3077 is bad
3078 is bad
3079 is bad
3080 is bad
3081 is bad
3083 is bad
3084 is bad
3085 is bad
3086 is bad
3087 is bad
3088 is bad
3089 is bad
3090 is bad
3091 is bad
3092 is bad
3093 is bad
3094 is bad
3095 is bad
3096 is bad
3097 is bad
3098 is bad
3100 is bad
3101 is bad
3102 is bad
3103 is bad
3104 is bad
3105 is bad
3106 is bad
3107 is bad
3108 is bad
3109 is bad
3110 is bad
3111 is bad
3112 is bad
3113 is bad
3114 is bad
3115 is bad
3116 is bad
3117 is bad
3118 is bad
3119 is bad
3120 is bad
3121 is bad
3122 is bad
3123 is bad
3124 is bad
3125 is bad
3126 is bad
3127 is bad
3128 is bad
3129 is bad
3130 is bad
3131 is bad
3132 is bad
3133 is bad
3134 is bad
3136 is bad
3137 is bad
3138 is bad
3139 is bad
3140 is bad
3141 is bad
3142 is bad
3143 is bad
3145 is bad
3146 is bad
3147 is bad
3148 is bad
3149 is bad
3150 is bad
3151 is bad
3152 is bad
3153 is bad
3154 is bad
3156 is bad
3157 is bad
3158 is bad
3159 is bad
3160 is bad
3161 is bad
3162 is bad
3163 is bad
3164 is bad
3165 is bad
3166 is bad
3167 is bad
3168 is bad
3169 is bad
3170 is bad
3171 is bad
3172 is bad
3173 is bad
3174 is bad
3175 is bad
3176 is bad
3177 is bad
3178 is bad
3179 is bad
3180 is bad
3181 is bad
3182 is bad
3183 is bad
3184 is bad
3185 is bad
3186 is bad
3187 is bad
3189 is bad
3190 is bad
3191 is bad
3192 is bad
3193 is bad
3194 is bad
3195 is bad
3196 is bad
3197 is bad
3198 is bad
3199 is bad
3200 is bad
3201 is bad
3202 is bad
3203 is bad
3204 is bad
3206 is bad
3207 is bad
3208 is bad
3209 is bad
3210 is bad
3211 is bad
3212 is bad
3213 is bad
3214 is bad
3215 is bad
3216 is bad
3217 is bad
3218 is bad
3219 is bad
3220 is bad
3221 is bad
3222 is bad
3223 is bad
3224 is bad
3225 is bad
3226 is bad
3227 is bad
3228 is bad
3230 is bad
3231 is bad
3232 is bad
3233 is bad
3235 is bad
3236 is bad
3237 is bad
3238 is bad
3239 is bad
3240 is bad
3241 is bad
3242 is bad
3243 is bad
3244 is bad
3245 is bad
3246 is bad
3247 is bad
3248 is bad
3249 is bad
3250 is bad
3252 is bad
3253 is bad
3254 is bad
3255 is bad
3256 is bad
3257 is bad
3258 is bad
3259 is bad
3260 is bad
3261 is bad
3262 is bad
3263 is bad
3264 is bad
3265 is bad
3266 is bad
3267 is bad
3268 is bad
3269 is bad
3270 is bad
3271 is bad
3272 is bad
3273 is bad
3274 is bad
3275 is bad
3276 is bad
3277 is bad
3278 is bad
3279 is bad
3280 is bad
3281 is bad
3282 is bad
3284 is bad
3285 is bad
3286 is bad
3287 is bad
3288 is bad
3289 is bad
3290 is bad
3291 is bad
3292 is bad
3293 is bad
3294 is bad
3295 is bad
3296 is bad
3297 is bad
3298 is bad
3299 is bad
3300 is bad
3301 is bad
3303 is bad
3304 is bad
3305 is bad
3307 is bad
3308 is bad
3310 is bad
3311 is bad
3312 is bad
3313 is bad
3314 is bad
3315 is bad
3316 is bad
3317 is bad
3318 is bad
3319 is bad
3320 is bad
3321 is bad
3322 is bad
3323 is bad
3324 is bad
3325 is bad
3326 is bad
3327 is bad
3328 is bad
3329 is bad
3330 is bad
3332 is bad
3333 is bad
3334 is bad
3335 is bad
3336 is bad
3337 is bad
3338 is bad
3339 is bad
3340 is bad
3341 is bad
3342 is bad
3343 is bad
3344 is bad
3345 is bad
3346 is bad
3347 is bad
3348 is bad
3349 is bad
3350 is bad
3351 is bad
3352 is bad
3353 is bad
3354 is bad
3355 is bad
3356 is bad
3357 is bad
3358 is bad
3359 is bad
3360 is bad
3361 is bad
3362 is bad
3363 is bad
3364 is bad
3365 is bad
3366 is bad
3367 is bad
3368 is bad
3369 is bad
3370 is bad
3371 is bad
3372 is bad
3373 is bad
3374 is bad
3375 is bad
3376 is bad
3377 is bad
3378 is bad
3379 is bad
3380 is bad
3381 is bad
3382 is bad
3383 is bad
3384 is bad
3385 is bad
3386 is bad
3387 is bad
3388 is bad
3389 is bad
3390 is bad
3391 is bad
3392 is bad
3394 is bad
3395 is bad
3396 is bad
3397 is bad
3398 is bad
3399 is bad
3400 is bad
3401 is bad
3402 is bad
3403 is bad
3404 is bad
3405 is bad
3407 is bad
3408 is bad
3409 is bad
3410 is bad
3411 is bad
3412 is bad
3413 is bad
3414 is bad
3415 is bad
3416 is bad
3417 is bad
3418 is bad
3419 is bad
3420 is bad
3421 is bad
3422 is bad
3423 is bad
3424 is bad
3425 is bad
3426 is bad
3427 is bad
3428 is bad
3429 is bad
3430 is bad
3431 is bad
3432 is bad
3433 is bad
3434 is bad
3435 is bad
3436 is bad
3437 is bad
3438 is bad
3439 is bad
3440 is bad
3441 is bad
3442 is bad
3443 is bad
3444 is bad
3445 is bad
3446 is bad
3448 is bad
3449 is bad
3450 is bad
3451 is bad
3452 is bad
3453 is bad
3454 is bad
3455 is bad
3456 is bad
3457 is bad
3458 is bad
3459 is bad
3461 is bad
3462 is bad
3463 is bad
3464 is bad
3465 is bad
3466 is bad
3467 is bad
3468 is bad
3469 is bad
3470 is bad
3471 is bad
3472 is bad
3473 is bad
3474 is bad
3475 is bad
3476 is bad
3477 is bad
3478 is bad
3480 is bad
3481 is bad
3482 is bad
3483 is bad
3484 is bad
3485 is bad
3486 is bad
3487 is bad
3488 is bad
3489 is bad
3490 is bad
3491 is bad
3492 is bad
3495 is bad
3496 is bad
3497 is bad
3498 is bad
3499 is bad
3500 is bad
3501 is bad
3503 is bad
3504 is bad
3505 is bad
3506 is bad
3507 is bad
3508 is bad
3509 is bad
3510 is bad
3511 is bad
3512 is bad
3513 is bad
3514 is bad
3515 is bad
3516 is bad
3517 is bad
3518 is bad
3519 is bad
3520 is bad
3522 is bad
3523 is bad
3524 is bad
3525 is bad
3526 is bad
3527 is bad
3528 is bad
3529 is bad
3530 is bad
3531 is bad
3532 is bad
3533 is bad
3534 is bad
3535 is bad
3536 is bad
3537 is bad
3538 is bad
3539 is bad
3540 is bad
3541 is bad
3542 is bad
3543 is bad
3544 is bad
3545 is bad
3546 is bad
3547 is bad
3548 is bad
3549 is bad
3550 is bad
3551 is bad
3552 is bad
3553 is bad
3554 is bad
3555 is bad
3556 is bad
3557 is bad
3558 is bad
3559 is bad
3560 is bad
3561 is bad
3562 is bad
3563 is bad
3564 is bad
3565 is bad
3566 is bad
3567 is bad
3568 is bad
3569 is bad
3570 is bad
3571 is bad
3572 is bad
3573 is bad
3574 is bad
3575 is bad
3576 is bad
3577 is bad
3578 is bad
3579 is bad
3580 is bad
3581 is bad
3582 is bad
3583 is bad
3584 is bad
3585 is bad
3586 is bad
3587 is bad
3588 is bad
3589 is bad
3590 is bad
3591 is bad
3592 is bad
3593 is bad
3594 is bad
3595 is bad
3596 is bad
3597 is bad
3598 is bad
3599 is bad
3600 is bad
3601 is bad
3602 is bad
3603 is bad
3604 is bad
3605 is bad
3606 is bad
3607 is bad
3608 is bad
3609 is bad
3610 is bad
3611 is bad
3612 is bad
3613 is bad
3614 is bad
3615 is bad
3616 is bad
3617 is bad
3619 is bad
3620 is bad
3621 is bad
3622 is bad
3623 is bad
3624 is bad
3625 is bad
3627 is bad
3628 is bad
3629 is bad
3630 is bad
3631 is bad
3632 is bad
3633 is bad
3634 is bad
3635 is bad
3636 is bad
3637 is bad
3638 is bad
3639 is bad
3640 is bad
3641 is bad
3643 is bad
3644 is bad
3646 is bad
3647 is bad
3648 is bad
3649 is bad
3650 is bad
3651 is bad
3653 is bad
3654 is bad
3655 is bad
3656 is bad
3657 is bad
3658 is bad
3659 is bad
3660 is bad
3661 is bad
3662 is bad
3664 is bad
3665 is bad
3666 is bad
3667 is bad
3669 is bad
3670 is bad
3671 is bad
3672 is bad
3674 is bad
3675 is bad
3676 is bad
3677 is bad
3678 is bad
3679 is bad
3681 is bad
3682 is bad
3683 is bad
3684 is bad
3686 is bad
3688 is bad
3689 is bad
3690 is bad
3691 is bad
3692 is bad
3693 is bad
3694 is bad
3695 is bad
3696 is bad
3697 is bad
3698 is bad
3701 is bad
3702 is bad
3703 is bad
3704 is bad
3705 is bad
3706 is bad
3707 is bad
3708 is bad
3709 is bad
3710 is bad
3711 is bad
3712 is bad
3713 is bad
3714 is bad
3716 is bad
3717 is bad
3719 is bad
3720 is bad
3721 is bad
3722 is bad
3723 is bad
3724 is bad
3725 is bad
3726 is bad
3727 is bad
3728 is bad
3729 is bad
3730 is bad
3731 is bad
3732 is bad
3733 is bad
3734 is bad
3735 is bad
3736 is bad
3737 is bad
3738 is bad
3739 is bad
3740 is bad
3741 is bad
3742 is bad
3743 is bad
3744 is bad
3745 is bad
3746 is bad
3747 is bad
3748 is bad
3749 is bad
3750 is bad
3751 is bad
3752 is bad
3753 is bad
3754 is bad
3755 is bad
3756 is bad
3757 is bad
3758 is bad
3759 is bad
3760 is bad
3761 is bad
3762 is bad
3763 is bad
3764 is bad
3765 is bad
3766 is bad
3767 is bad
3768 is bad
3769 is bad
3770 is bad
3771 is bad
3773 is bad
3774 is bad
3775 is bad
3776 is bad
3777 is bad
3778 is bad
3779 is bad
3780 is bad
3781 is bad
3782 is bad
3783 is bad
3784 is bad
3785 is bad
3786 is bad
3787 is bad
3788 is bad
3789 is bad
3790 is bad
3791 is bad
3792 is bad
3793 is bad
3794 is bad
3795 is bad
3796 is bad
3797 is bad
3798 is bad
3799 is bad
3800 is bad
3801 is bad
3802 is bad
3803 is bad
3804 is bad
3805 is bad
3806 is bad
3807 is bad
3808 is bad
3809 is bad
3810 is bad
3811 is bad
3812 is bad
3813 is bad
3814 is bad
3815 is bad
3816 is bad
3817 is bad
3818 is bad
3819 is bad
3820 is bad
3821 is bad
3822 is bad
3823 is bad
3824 is bad
3825 is bad
3826 is bad
3828 is bad
3829 is bad
3830 is bad
3831 is bad
3832 is bad
3833 is bad
3834 is bad
3835 is bad
3836 is bad
3837 is bad
3838 is bad
3841 is bad
3842 is bad
3843 is bad
3844 is bad
3845 is bad
3846 is bad
3847 is bad
3848 is bad
3849 is bad
3850 is bad
3851 is bad
3852 is bad
3853 is bad
3855 is bad
3856 is bad
3857 is bad
3858 is bad
3859 is bad
3860 is bad
3861 is bad
3862 is bad
3863 is bad
3864 is bad
3865 is bad
3866 is bad
3868 is bad
3869 is bad
3870 is bad
3871 is bad
3873 is bad
3874 is bad
3875 is bad
3876 is bad
3877 is bad
3878 is bad
3879 is bad
3880 is bad
3881 is bad
3882 is bad
3884 is bad
3885 is bad
3886 is bad
3887 is bad
3888 is bad
3889 is bad
3890 is bad
3891 is bad
3892 is bad
3893 is bad
3894 is bad
3895 is bad
3896 is bad
3897 is bad
3898 is bad
3899 is bad
3900 is bad
3901 is bad
3902 is bad
3903 is bad
3904 is bad
3905 is bad
3906 is bad
3907 is bad
3909 is bad
3910 is bad
3911 is bad
3912 is bad
3913 is bad
3914 is bad
3915 is bad
3916 is bad
3917 is bad
3918 is bad
3919 is bad
3920 is bad
3921 is bad
3922 is bad
3923 is bad
3924 is bad
3926 is bad
3927 is bad
3928 is bad
3929 is bad
3930 is bad
3931 is bad
3932 is bad
3933 is bad
3934 is bad
3935 is bad
3936 is bad
3937 is bad
3939 is bad
3940 is bad
3941 is bad
3942 is bad
3943 is bad
3944 is bad
3945 is bad
3946 is bad
3947 is bad
3948 is bad
3949 is bad
3950 is bad
3951 is bad
3952 is bad
3953 is bad
3954 is bad
3956 is bad
3957 is bad
3958 is bad
3959 is bad
3960 is bad
3961 is bad
3962 is bad
3963 is bad
3964 is bad
3965 is bad
3966 is bad
3968 is bad
3969 is bad
3970 is bad
3971 is bad
3972 is bad
3973 is bad
3974 is bad
3975 is bad
3976 is bad
3977 is bad
3978 is bad
3979 is bad
3980 is bad
3981 is bad
3982 is bad
3983 is bad
3984 is bad
3985 is bad
3986 is bad
3988 is bad
3989 is bad
3990 is bad
3991 is bad
3992 is bad
3993 is bad
3994 is bad
3995 is bad
3996 is bad
3997 is bad
3998 is bad
3999 is bad
4000 is bad
4001 is bad
4002 is bad
4003 is bad
4004 is bad
4005 is bad
4006 is bad
4007 is bad
4008 is bad
4009 is bad
4010 is bad
4011 is bad
4012 is bad
4013 is bad
4014 is bad
4015 is bad
4016 is bad
4017 is bad
4018 is bad
4019 is bad
4020 is bad
4021 is bad
4022 is bad
4023 is bad
4024 is bad
4025 is bad
4026 is bad
4027 is bad
4028 is bad
4029 is bad
4030 is bad
4031 is bad
4032 is bad
4034 is bad
4035 is bad
4036 is bad
4037 is bad
4038 is bad
4040 is bad
4041 is bad
4042 is bad
4043 is bad
4044 is bad
4045 is bad
4046 is bad
4047 is bad
4048 is bad
4049 is bad
4050 is bad
4051 is bad
4052 is bad
4053 is bad
4055 is bad
4056 is bad
4057 is bad
4058 is bad
4059 is bad
4060 is bad
4061 is bad
4062 is bad
4063 is bad
4064 is bad
4065 is bad
4066 is bad
4068 is bad
4069 is bad
4071 is bad
4072 is bad
4074 is bad
4075 is bad
4076 is bad
4077 is bad
4078 is bad
4079 is bad
4080 is bad
4081 is bad
4082 is bad
4083 is bad
4084 is bad
4085 is bad
4086 is bad
4087 is bad
4088 is bad
4089 is bad
4090 is bad
4091 is bad
4092 is bad
4093 is bad
4094 is bad
4095 is bad
4096 is bad
4097 is bad
4098 is bad
4099 is bad
4100 is bad
4101 is bad
4102 is bad
4103 is bad
4104 is bad
4105 is bad
4106 is bad
4108 is bad
4109 is bad
4110 is bad
4111 is bad
4112 is bad
4113 is bad
4114 is bad
4115 is bad
4116 is bad
4118 is bad
4120 is bad
4121 is bad
4122 is bad
4123 is bad
4124 is bad
4125 is bad
4127 is bad
4128 is bad
4129 is bad
4130 is bad
4131 is bad
4132 is bad
4133 is bad
4134 is bad
4135 is bad
4136 is bad
4137 is bad
4138 is bad
4139 is bad
4140 is bad
4141 is bad
4142 is bad
4143 is bad
4144 is bad
4145 is bad
4146 is bad
4147 is bad
4148 is bad
4149 is bad
4150 is bad
4151 is bad
4152 is bad
4153 is bad
4155 is bad
4156 is bad
4157 is bad
4158 is bad
4159 is bad
4160 is bad
4161 is bad
4162 is bad
4163 is bad
4165 is bad
4166 is bad
4167 is bad
4168 is bad
4169 is bad
4170 is bad
4171 is bad
4172 is bad
4173 is bad
4174 is bad
4175 is bad
4176 is bad
4177 is bad
4178 is bad
4179 is bad
4180 is bad
4181 is bad
4185 is bad
4186 is bad
4187 is bad
4188 is bad
4189 is bad
4190 is bad
4191 is bad
4192 is bad
4193 is bad
4194 is bad
4195 is bad
4196 is bad
4197 is bad
4198 is bad
4199 is bad
4200 is bad
4202 is bad
4203 is bad
4204 is bad
4205 is bad
4206 is bad
4207 is bad
4209 is bad
4210 is bad
4211 is bad
4212 is bad
4213 is bad
4214 is bad
4215 is bad
4216 is bad
4217 is bad
4218 is bad
4219 is bad
4220 is bad
4221 is bad
4222 is bad
4223 is bad
4224 is bad
4225 is bad
4226 is bad
4227 is bad
4228 is bad
4229 is bad
4230 is bad
4232 is bad
4233 is bad
4234 is bad
4235 is bad
4236 is bad
4237 is bad
4238 is bad
4239 is bad
4240 is bad
4241 is bad
4242 is bad
4243 is bad
4245 is bad
4247 is bad
4248 is bad
4249 is bad
4250 is bad
4251 is bad
4252 is bad
4253 is bad
4254 is bad
4255 is bad
4256 is bad
4257 is bad
4258 is bad
4260 is bad
4261 is bad
4262 is bad
4263 is bad
4265 is bad
4266 is bad
4267 is bad
4268 is bad
4269 is bad
4270 is bad
4271 is bad
4272 is bad
4273 is bad
4274 is bad
4275 is bad
4276 is bad
4277 is bad
4278 is bad
4279 is bad
4280 is bad
4281 is bad
4282 is bad
4283 is bad
4284 is bad
4285 is bad
4286 is bad
4287 is bad
4288 is bad
4290 is bad
4291 is bad
4292 is bad
4293 is bad
4294 is bad
4295 is bad
4296 is bad
4297 is bad
4298 is bad
4299 is bad
4300 is bad
4301 is bad
4303 is bad
4304 is bad
4305 is bad
4306 is bad
4307 is bad
4309 is bad
4310 is bad
4311 is bad
4312 is bad
4313 is bad
4314 is bad
4315 is bad
4316 is bad
4317 is bad
4318 is bad
4319 is bad
4320 is bad
4321 is bad
4322 is bad
4323 is bad
4324 is bad
4325 is bad
4326 is bad
4327 is bad
4328 is bad
4329 is bad
4330 is bad
4331 is bad
4332 is bad
4334 is bad
4335 is bad
4336 is bad
4337 is bad
4338 is bad
4339 is bad
4340 is bad
4341 is bad
4342 is bad
4343 is bad
4344 is bad
4345 is bad
4346 is bad
4348 is bad
4349 is bad
4351 is bad
4352 is bad
4354 is bad
4355 is bad
4356 is bad
4358 is bad
4359 is bad
4360 is bad
4361 is bad
4362 is bad
4363 is bad
4364 is bad
4365 is bad
4366 is bad
4367 is bad
4368 is bad
4370 is bad
4371 is bad
4372 is bad
4373 is bad
4374 is bad
4375 is bad
4376 is bad
4377 is bad
4378 is bad
4379 is bad
4380 is bad
4381 is bad
4382 is bad
4383 is bad
4384 is bad
4385 is bad
4386 is bad
4387 is bad
4388 is bad
4389 is bad
4391 is bad
4392 is bad
4393 is bad
4394 is bad
4395 is bad
4396 is bad
4397 is bad
4398 is bad
4399 is bad
4400 is bad
4401 is bad
4402 is bad
4403 is bad
4404 is bad
4405 is bad
4406 is bad
4407 is bad
4408 is bad
4409 is bad
4410 is bad
4412 is bad
4413 is bad
4415 is bad
4416 is bad
4417 is bad
4418 is bad
4419 is bad
4420 is bad
4421 is bad
4422 is bad
4423 is bad
4424 is bad
4425 is bad
4426 is bad
4427 is bad
4428 is bad
4429 is bad
4430 is bad
4431 is bad
4432 is bad
4433 is bad
4434 is bad
4435 is bad
4436 is bad
4437 is bad
4438 is bad
4439 is bad
4441 is bad
4442 is bad
4443 is bad
4444 is bad
4445 is bad
4446 is bad
4447 is bad
4448 is bad
4449 is bad
4450 is bad
4451 is bad
4452 is bad
4454 is bad
4455 is bad
4456 is bad
4457 is bad
4458 is bad
4459 is bad
4460 is bad
4461 is bad
4462 is bad
4463 is bad
4464 is bad
4465 is bad
4466 is bad
4467 is bad
4468 is bad
4469 is bad
4470 is bad
4472 is bad
4473 is bad
4474 is bad
4475 is bad
4476 is bad
4477 is bad
4478 is bad
4479 is bad
4480 is bad
4481 is bad
4482 is bad
4483 is bad
4484 is bad
4485 is bad
4486 is bad
4487 is bad
4488 is bad
4489 is bad
4490 is bad
4491 is bad
4492 is bad
4493 is bad
4494 is bad
4495 is bad
4496 is bad
4497 is bad
4499 is bad
4500 is bad
4501 is bad
4502 is bad
4503 is bad
4504 is bad
4505 is bad
4506 is bad
4507 is bad
4508 is bad
4509 is bad
4510 is bad
4511 is bad
4512 is bad
4513 is bad
4514 is bad
4515 is bad
4516 is bad
4517 is bad
4518 is bad
4519 is bad
4520 is bad
4521 is bad
4522 is bad
4523 is bad
4524 is bad
4525 is bad
4526 is bad
4527 is bad
4528 is bad
4529 is bad
4530 is bad
4532 is bad
4533 is bad
4534 is bad
4536 is bad
4537 is bad
4538 is bad
4539 is bad
4540 is bad
4541 is bad
4542 is bad
4543 is bad
4544 is bad
4545 is bad
4546 is bad
4547 is bad
4548 is bad
4549 is bad
4550 is bad
4551 is bad
4552 is bad
4554 is bad
4555 is bad
4556 is bad
4557 is bad
4558 is bad
4559 is bad
4560 is bad
4561 is bad
4562 is bad
4563 is bad
4564 is bad
4566 is bad
4567 is bad
4568 is bad
4569 is bad
4570 is bad
4571 is bad
4572 is bad
4573 is bad
4574 is bad
4575 is bad
4576 is bad
4577 is bad
4578 is bad
4579 is bad
4580 is bad
4581 is bad
4582 is bad
4583 is bad
4585 is bad
4586 is bad
4587 is bad
4588 is bad
4589 is bad
4590 is bad
4591 is bad
4592 is bad
4593 is bad
4594 is bad
4595 is bad
4596 is bad
4598 is bad
4599 is bad
4600 is bad
4601 is bad
4602 is bad
4603 is bad
4604 is bad
4605 is bad
4606 is bad
4607 is bad
4608 is bad
4609 is bad
4610 is bad
4611 is bad
4613 is bad
4614 is bad
4615 is bad
4616 is bad
4617 is bad
4618 is bad
4619 is bad
4620 is bad
4621 is bad
4622 is bad
4623 is bad
4624 is bad
4625 is bad
4626 is bad
4627 is bad
4628 is bad
4629 is bad
4630 is bad
4631 is bad
4632 is bad
4633 is bad
4634 is bad
4635 is bad
4636 is bad
4637 is bad
4638 is bad
4639 is bad
4641 is bad
4643 is bad
4644 is bad
4645 is bad
4646 is bad
4647 is bad
4648 is bad
4649 is bad
4650 is bad
4651 is bad
4652 is bad
4653 is bad
4654 is bad
4655 is bad
4656 is bad
4657 is bad
4658 is bad
4659 is bad
4660 is bad
4661 is bad
4662 is bad
4663 is bad
4664 is bad
4665 is bad
4666 is bad
4667 is bad
4668 is bad
4669 is bad
4670 is bad
4671 is bad
4672 is bad
4673 is bad
4674 is bad
4675 is bad
4676 is bad
4677 is bad
4679 is bad
4680 is bad
4681 is bad
4682 is bad
4683 is bad
4684 is bad
4685 is bad
4686 is bad
4687 is bad
4688 is bad
4689 is bad
4690 is bad
4691 is bad
4692 is bad
4693 is bad
4694 is bad
4695 is bad
4696 is bad
4697 is bad
4698 is bad
4699 is bad
4700 is bad
4701 is bad
4702 is bad
4703 is bad
4704 is bad
4705 is bad
4706 is bad
4707 is bad
4708 is bad
4709 is bad
4710 is bad
4712 is bad
4713 is bad
4714 is bad
4715 is bad
4716 is bad
4717 is bad
4718 is bad
4719 is bad
4721 is bad
4723 is bad
4724 is bad
4725 is bad
4726 is bad
4727 is bad
4728 is bad
4729 is bad
4730 is bad
4731 is bad
4732 is bad
4733 is bad
4735 is bad
4736 is bad
4737 is bad
4738 is bad
4739 is bad
4740 is bad
4741 is bad
4742 is bad
4743 is bad
4744 is bad
4745 is bad
4747 is bad
4748 is bad
4751 is bad
4752 is bad
4753 is bad
4755 is bad
4756 is bad
4757 is bad
4758 is bad
4759 is bad
4760 is bad
4761 is bad
4762 is bad
4763 is bad
4764 is bad
4765 is bad
4766 is bad
4767 is bad
4768 is bad
4770 is bad
4771 is bad
4772 is bad
4773 is bad
4774 is bad
4775 is bad
4777 is bad
4778 is bad
4779 is bad
4780 is bad
4781 is bad
4782 is bad
4783 is bad
4784 is bad
4785 is bad
4786 is bad
4787 is bad
4788 is bad
4789 is bad
4791 is bad
4792 is bad
4793 is bad
4794 is bad
4795 is bad
4797 is bad
4798 is bad
4799 is bad
4800 is bad
4801 is bad
4802 is bad
4803 is bad
4804 is bad
4806 is bad
4807 is bad
4808 is bad
4809 is bad
4810 is bad
4811 is bad
4812 is bad
4813 is bad
4815 is bad
4816 is bad
4817 is bad
4818 is bad
4819 is bad
4820 is bad
4821 is bad
4822 is bad
4823 is bad
4824 is bad
4826 is bad
4827 is bad
4828 is bad
4829 is bad
4831 is bad
4832 is bad
4833 is bad
4834 is bad
4835 is bad
4837 is bad
4838 is bad
4839 is bad
4840 is bad
4841 is bad
4842 is bad
4843 is bad
4844 is bad
4845 is bad
4846 is bad
4847 is bad
4848 is bad
4849 is bad
4850 is bad
4851 is bad
4852 is bad
4853 is bad
4854 is bad
4855 is bad
4857 is bad
4858 is bad
4859 is bad
4860 is bad
4861 is bad
4862 is bad
4863 is bad
4865 is bad
4866 is bad
4867 is bad
4868 is bad
4871 is bad
4872 is bad
4873 is bad
4875 is bad
4876 is bad
4877 is bad
4878 is bad
4879 is bad
4880 is bad
4882 is bad
4883 is bad
4884 is bad
4885 is bad
4886 is bad
4887 is bad
4888 is bad
4889 is bad
4890 is bad
4891 is bad
4893 is bad
4895 is bad
4896 is bad
4897 is bad
4898 is bad
4899 is bad
4900 is bad
4901 is bad
4904 is bad
4905 is bad
4906 is bad
4907 is bad
4909 is bad
4910 is bad
4911 is bad
4913 is bad
4914 is bad
4915 is bad
4916 is bad
4917 is bad
4918 is bad
4919 is bad
4920 is bad
4921 is bad
4922 is bad
4923 is bad
4924 is bad
4925 is bad
4927 is bad
4928 is bad
4929 is bad
4930 is bad
4931 is bad
4932 is bad
4933 is bad
4935 is bad
4936 is bad
4937 is bad
4938 is bad
4939 is bad
4940 is bad
4941 is bad
4942 is bad
4943 is bad
4944 is bad
4945 is bad
4946 is bad
4947 is bad
4948 is bad
4949 is bad
4950 is bad
4951 is bad
4952 is bad
4953 is bad
4954 is bad
4955 is bad
4956 is bad
4957 is bad
4958 is bad
4959 is bad
4960 is bad
4961 is bad
4962 is bad
4963 is bad
4964 is bad
4965 is bad
4966 is bad
4967 is bad
4969 is bad
4970 is bad
4972 is bad
4973 is bad
4974 is bad
4975 is bad
4976 is bad
4977 is bad
4978 is bad
4979 is bad
4980 is bad
4981 is bad
4983 is bad
4984 is bad
4985 is bad
4987 is bad
4988 is bad
4989 is bad
4990 is bad
4991 is bad
4992 is bad
4993 is bad
4994 is bad
4995 is bad
4996 is bad
4997 is bad
4998 is bad
4999 is bad
5000 is bad
5001 is bad
5002 is bad
5003 is bad
5004 is bad
5005 is bad
5006 is bad
5007 is bad
5008 is bad
5009 is bad
5010 is bad
5011 is bad
5012 is bad
5013 is bad
5014 is bad
5015 is bad
5016 is bad
5017 is bad
5018 is bad
5019 is bad
5020 is bad
5021 is bad
5022 is bad
5023 is bad
5024 is bad
5025 is bad
5026 is bad
5027 is bad
5028 is bad
5029 is bad
5030 is bad
5032 is bad
5034 is bad
5036 is bad
5037 is bad
5038 is bad
5039 is bad
5040 is bad
5042 is bad
5043 is bad
5044 is bad
5045 is bad
5046 is bad
5047 is bad
5048 is bad
5049 is bad
5050 is bad
5051 is bad
5052 is bad
5053 is bad
5054 is bad
5055 is bad
5056 is bad
5057 is bad
5058 is bad
5059 is bad
5060 is bad
5061 is bad
5062 is bad
5064 is bad
5065 is bad
5066 is bad
5067 is bad
5068 is bad
5069 is bad
5070 is bad
5071 is bad
5072 is bad
5073 is bad
5075 is bad
5076 is bad
5077 is bad
5078 is bad
5079 is bad
5080 is bad
5081 is bad
5082 is bad
5083 is bad
5085 is bad
5086 is bad
5087 is bad
5088 is bad
5089 is bad
5090 is bad
5091 is bad
5092 is bad
5093 is bad
5094 is bad
5096 is bad
5097 is bad
5098 is bad
5099 is bad
5100 is bad
5101 is bad
5102 is bad
5103 is bad
5104 is bad
5105 is bad
5106 is bad
5107 is bad
5108 is bad
5109 is bad
5110 is bad
5111 is bad
5112 is bad
5113 is bad
5114 is bad
5115 is bad
5116 is bad
5117 is bad
5118 is bad
5119 is bad
5120 is bad
5121 is bad
5122 is bad
5123 is bad
5124 is bad
5125 is bad
5126 is bad
5127 is bad
5128 is bad
5129 is bad
5130 is bad
5131 is bad
5133 is bad
5134 is bad
5135 is bad
5136 is bad
5138 is bad
5139 is bad
5141 is bad
5142 is bad
5143 is bad
5144 is bad
5145 is bad
5146 is bad
5147 is bad
5148 is bad
5149 is bad
5150 is bad
5151 is bad
5153 is bad
5154 is bad
5155 is bad
5157 is bad
5158 is bad
5159 is bad
5160 is bad
5161 is bad
5162 is bad
5163 is bad
5164 is bad
5165 is bad
5166 is bad
5167 is bad
5168 is bad
5169 is bad
5170 is bad
5171 is bad
5172 is bad
5173 is bad
5174 is bad
5175 is bad
5176 is bad
5177 is bad
5178 is bad
5179 is bad
5180 is bad
5181 is bad
5182 is bad
5183 is bad
5184 is bad
5185 is bad
5186 is bad
5187 is bad
5188 is bad
5190 is bad
5192 is bad
5193 is bad
5194 is bad
5195 is bad
5196 is bad
5197 is bad
5198 is bad
5199 is bad
5200 is bad
5201 is bad
5202 is bad
5203 is bad
5204 is bad
5205 is bad
5206 is bad
5207 is bad
5208 is bad
5209 is bad
5210 is bad
5211 is bad
5212 is bad
5213 is bad
5214 is bad
5215 is bad
5216 is bad
5217 is bad
5218 is bad
5219 is bad
5220 is bad
5221 is bad
5222 is bad
5223 is bad
5224 is bad
5225 is bad
5226 is bad
5227 is bad
5228 is bad
5229 is bad
5230 is bad
5231 is bad
5232 is bad
5233 is bad
5234 is bad
5235 is bad
5236 is bad
5237 is bad
5238 is bad
5239 is bad
5240 is bad
5241 is bad
5242 is bad
5243 is bad
5244 is bad
5245 is bad
5246 is bad
5247 is bad
5248 is bad
5249 is bad
5250 is bad
5251 is bad
5252 is bad
5253 is bad
5254 is bad
5256 is bad
5257 is bad
5258 is bad
5259 is bad
5260 is bad
5262 is bad
5263 is bad
5264 is bad
5265 is bad
5266 is bad
5267 is bad
5268 is bad
5269 is bad
5271 is bad
5272 is bad
5273 is bad
5274 is bad
5275 is bad
5276 is bad
5277 is bad
5278 is bad
5280 is bad
5281 is bad
5282 is bad
5283 is bad
5284 is bad
5285 is bad
5286 is bad
5287 is bad
5288 is bad
5290 is bad
5291 is bad
5292 is bad
5293 is bad
5294 is bad
5295 is bad
5297 is bad
5299 is bad
5300 is bad
5301 is bad
5302 is bad
5303 is bad
5304 is bad
5305 is bad
5306 is bad
5307 is bad
5308 is bad
5309 is bad
5310 is bad
5312 is bad
5313 is bad
5314 is bad
5315 is bad
5316 is bad
5317 is bad
5318 is bad
5319 is bad
5321 is bad
5322 is bad
5323 is bad
5324 is bad
5325 is bad
5328 is bad
5329 is bad
5330 is bad
5331 is bad
5332 is bad
5333 is bad
5334 is bad
5335 is bad
5336 is bad
5337 is bad
5338 is bad
5339 is bad
5340 is bad
5341 is bad
5342 is bad
5343 is bad
5344 is bad
5345 is bad
5346 is bad
5347 is bad
5348 is bad
5349 is bad
5350 is bad
5351 is bad
5352 is bad
5353 is bad
5354 is bad
5355 is bad
5356 is bad
5357 is bad
5358 is bad
5359 is bad
5360 is bad
5362 is bad
5363 is bad
5364 is bad
5365 is bad
5366 is bad
5367 is bad
5368 is bad
5370 is bad
5371 is bad
5372 is bad
5373 is bad
5375 is bad
5376 is bad
5377 is bad
5379 is bad
5381 is bad
5382 is bad
5383 is bad
5385 is bad
5386 is bad
5387 is bad
5388 is bad
5389 is bad
5390 is bad
5391 is bad
5392 is bad
5393 is bad
5394 is bad
5396 is bad
5397 is bad
5398 is bad
5399 is bad
5400 is bad
5401 is bad
5402 is bad
5403 is bad
5404 is bad
5405 is bad
5406 is bad
5407 is bad
5408 is bad
5409 is bad
5410 is bad
5411 is bad
5412 is bad
5413 is bad
5414 is bad
5415 is bad
5416 is bad
5417 is bad
5418 is bad
5419 is bad
5420 is bad
5421 is bad
5422 is bad
5423 is bad
5424 is bad
5425 is bad
5426 is bad
5427 is bad
5428 is bad
5429 is bad
5430 is bad
5431 is bad
5433 is bad
5434 is bad
5435 is bad
5436 is bad
5437 is bad
5438 is bad
5439 is bad
5440 is bad
5441 is bad
5442 is bad
5443 is bad
5444 is bad
5445 is bad
5446 is bad
5447 is bad
5448 is bad
5449 is bad
5451 is bad
5452 is bad
5453 is bad
5454 is bad
5455 is bad
5456 is bad
5457 is bad
5458 is bad
5459 is bad
5460 is bad
5461 is bad
5462 is bad
5463 is bad
5464 is bad
5465 is bad
5467 is bad
5468 is bad
5469 is bad
5470 is bad
5472 is bad
5473 is bad
5474 is bad
5475 is bad
5476 is bad
5477 is bad
5478 is bad
5479 is bad
5480 is bad
5481 is bad
5482 is bad
5483 is bad
5484 is bad
5485 is bad
5486 is bad
5487 is bad
5488 is bad
5489 is bad
5490 is bad
5491 is bad
5492 is bad
5493 is bad
5495 is bad
5496 is bad
5497 is bad
5499 is bad
5500 is bad
5501 is bad
5502 is bad
5503 is bad
5504 is bad
5505 is bad
5506 is bad
5507 is bad
5508 is bad
5509 is bad
5511 is bad
5512 is bad
5513 is bad
5514 is bad
5515 is bad
5516 is bad
5517 is bad
5518 is bad
5519 is bad
5520 is bad
5521 is bad
5522 is bad
5523 is bad
5524 is bad
5526 is bad
5527 is bad
5528 is bad
5529 is bad
5530 is bad
5532 is bad
5533 is bad
5534 is bad
5535 is bad
5536 is bad
5537 is bad
5539 is bad
5540 is bad
5541 is bad
5542 is bad
5543 is bad
5544 is bad
5545 is bad
5546 is bad
5547 is bad
5548 is bad
5549 is bad
5550 is bad
5551 is bad
5552 is bad
5553 is bad
5554 is bad
5555 is bad
5556 is bad
5557 is bad
5558 is bad
5559 is bad
5560 is bad
5561 is bad
5562 is bad
5563 is bad
5564 is bad
5565 is bad
5566 is bad
5567 is bad
5568 is bad
5569 is bad
5570 is bad
5571 is bad
5572 is bad
5573 is bad
5574 is bad
5575 is bad
5576 is bad
5578 is bad
5579 is bad
5580 is bad
5581 is bad
5582 is bad
5583 is bad
5585 is bad
5587 is bad
5588 is bad
5589 is bad
5590 is bad
5591 is bad
5592 is bad
5593 is bad
5594 is bad
5595 is bad
5596 is bad
5597 is bad
5598 is bad
5599 is bad
5600 is bad
5601 is bad
5602 is bad
5603 is bad
5604 is bad
5605 is bad
5606 is bad
5607 is bad
5608 is bad
5609 is bad
5610 is bad
5611 is bad
5612 is bad
5613 is bad
5615 is bad
5616 is bad
5617 is bad
5618 is bad
5619 is bad
5620 is bad
5621 is bad
5622 is bad
5623 is bad
5624 is bad
5625 is bad
5627 is bad
5628 is bad
5629 is bad
5630 is bad
5631 is bad
5632 is bad
5633 is bad
5634 is bad
5635 is bad
5636 is bad
5637 is bad
5638 is bad
5639 is bad
5640 is bad
5641 is bad
5642 is bad
5643 is bad
5644 is bad
5645 is bad
5647 is bad
5648 is bad
5649 is bad
5650 is bad
5651 is bad
5652 is bad
5653 is bad
5655 is bad
5656 is bad
5657 is bad
5658 is bad
5659 is bad
5660 is bad
5661 is bad
5662 is bad
5664 is bad
5665 is bad
5666 is bad
5667 is bad
5668 is bad
5669 is bad
5670 is bad
5671 is bad
5673 is bad
5674 is bad
5675 is bad
5676 is bad
5677 is bad
5678 is bad
5679 is bad
5680 is bad
5681 is bad
5682 is bad
5684 is bad
5685 is bad
5686 is bad
5687 is bad
5688 is bad
5689 is bad
5690 is bad
5691 is bad
5692 is bad
5694 is bad
5695 is bad
5696 is bad
5697 is bad
5698 is bad
5699 is bad
5700 is bad
5701 is bad
5702 is bad
5703 is bad
5704 is bad
5705 is bad
5706 is bad
5707 is bad
5709 is bad
5710 is bad
5711 is bad
5712 is bad
5713 is bad
5714 is bad
5715 is bad
5716 is bad
5717 is bad
5718 is bad
5719 is bad
5720 is bad
5721 is bad
5722 is bad
5723 is bad
5724 is bad
5725 is bad
5727 is bad
5728 is bad
5730 is bad
5731 is bad
5732 is bad
5733 is bad
5734 is bad
5735 is bad
5736 is bad
5737 is bad
5738 is bad
5739 is bad
5740 is bad
5742 is bad
5743 is bad
5744 is bad
5745 is bad
5746 is bad
5747 is bad
5748 is bad
5749 is bad
5750 is bad
5751 is bad
5752 is bad
5753 is bad
5755 is bad
5756 is bad
5757 is bad
5758 is bad
5759 is bad
5760 is bad
5761 is bad
5762 is bad
5763 is bad
5764 is bad
5766 is bad
5767 is bad
5768 is bad
5769 is bad
5770 is bad
5771 is bad
5772 is bad
5773 is bad
5774 is bad
5775 is bad
5778 is bad
5779 is bad
5780 is bad
5781 is bad
5782 is bad
5783 is bad
5784 is bad
5785 is bad
5786 is bad
5787 is bad
5788 is bad
5789 is bad
5790 is bad
5791 is bad
5792 is bad
5793 is bad
5794 is bad
5795 is bad
5796 is bad
5797 is bad
5798 is bad
5799 is bad
5800 is bad
5801 is bad
5802 is bad
5803 is bad
5804 is bad
5805 is bad
5807 is bad
5808 is bad
5809 is bad
5810 is bad
5811 is bad
5814 is bad
5815 is bad
5817 is bad
5818 is bad
5819 is bad
5820 is bad
5821 is bad
5822 is bad
5823 is bad
5824 is bad
5825 is bad
5827 is bad
5828 is bad
5829 is bad
5830 is bad
5831 is bad
5832 is bad
5833 is bad
5834 is bad
5835 is bad
5836 is bad
5837 is bad
5838 is bad
5839 is bad
5840 is bad
5841 is bad
5842 is bad
5843 is bad
5844 is bad
5845 is bad
5846 is bad
5847 is bad
5848 is bad
5849 is bad
5850 is bad
5851 is bad
5852 is bad
5853 is bad
5855 is bad
5856 is bad
5858 is bad
5859 is bad
5860 is bad
5862 is bad
5863 is bad
5864 is bad
5865 is bad
5866 is bad
5867 is bad
5869 is bad
5871 is bad
5872 is bad
5873 is bad
5874 is bad
5875 is bad
5876 is bad
5877 is bad
5878 is bad
5879 is bad
5880 is bad
5881 is bad
5882 is bad
5883 is bad
5884 is bad
5885 is bad
5886 is bad
5888 is bad
5889 is bad
5890 is bad
5891 is bad
5892 is bad
5895 is bad
5896 is bad
5897 is bad
5898 is bad
5899 is bad
5900 is bad
5901 is bad
5902 is bad
5903 is bad
5904 is bad
5905 is bad
5906 is bad
5907 is bad
5908 is bad
5909 is bad
5910 is bad
5912 is bad
5913 is bad
5914 is bad
5915 is bad
5916 is bad
5917 is bad
5918 is bad
5919 is bad
5920 is bad
5921 is bad
5922 is bad
5923 is bad
5924 is bad
5925 is bad
5926 is bad
5927 is bad
5928 is bad
5929 is bad
5930 is bad
5931 is bad
5932 is bad
5933 is bad
5934 is bad
5935 is bad
5936 is bad
5937 is bad
5938 is bad
5939 is bad
5940 is bad
5941 is bad
5942 is bad
5943 is bad
5944 is bad
5945 is bad
5946 is bad
5947 is bad
5949 is bad
5951 is bad
5952 is bad
5953 is bad
5954 is bad
5955 is bad
5956 is bad
5957 is bad
5958 is bad
5959 is bad
5960 is bad
5961 is bad
5963 is bad
5964 is bad
5965 is bad
5966 is bad
5967 is bad
5968 is bad
5969 is bad
5970 is bad
5971 is bad
5972 is bad
5973 is bad
5974 is bad
5975 is bad
5976 is bad
5977 is bad
5978 is bad
5979 is bad
5980 is bad
5981 is bad
5982 is bad
5983 is bad
5984 is bad
5985 is bad
5986 is bad
5987 is bad
5988 is bad
5989 is bad
5990 is bad
5991 is bad
5992 is bad
5993 is bad
5994 is bad
5995 is bad
5996 is bad
5997 is bad
5998 is bad
5999 is bad
6000 is bad
6001 is bad
6002 is bad
6003 is bad
6004 is bad
6005 is bad
6006 is bad
6007 is bad
6008 is bad
6009 is bad
6010 is bad
6011 is bad
6013 is bad
6014 is bad
6015 is bad
6016 is bad
6017 is bad
6018 is bad
6019 is bad
6020 is bad
6021 is bad
6022 is bad
6023 is bad
6024 is bad
6025 is bad
6026 is bad
6027 is bad
6028 is bad
6029 is bad
6030 is bad
6031 is bad
6032 is bad
6033 is bad
6034 is bad
6035 is bad
6036 is bad
6037 is bad
6038 is bad
6039 is bad
6040 is bad
6041 is bad
6042 is bad
6043 is bad
6045 is bad
6046 is bad
6047 is bad
6048 is bad
6049 is bad
6050 is bad
6051 is bad
6052 is bad
6054 is bad
6055 is bad
6056 is bad
6059 is bad
6060 is bad
6061 is bad
6062 is bad
6063 is bad
6064 is bad
6065 is bad
6066 is bad
6067 is bad
6068 is bad
6069 is bad
6070 is bad
6071 is bad
6072 is bad
6073 is bad
6074 is bad
6075 is bad
6076 is bad
6077 is bad
6078 is bad
6079 is bad
6080 is bad
6081 is bad
6082 is bad
6083 is bad
6084 is bad
6085 is bad
6086 is bad
6087 is bad
6088 is bad
6089 is bad
6090 is bad
6091 is bad
6092 is bad
6094 is bad
6095 is bad
6097 is bad
6098 is bad
6099 is bad
6102 is bad
6103 is bad
6104 is bad
6106 is bad
6107 is bad
6108 is bad
6109 is bad
6110 is bad
6111 is bad
6112 is bad
6113 is bad
6114 is bad
6115 is bad
6116 is bad
6117 is bad
6118 is bad
6119 is bad
6120 is bad
6121 is bad
6122 is bad
6123 is bad
6124 is bad
6125 is bad
6126 is bad
6127 is bad
6128 is bad
6129 is bad
6130 is bad
6131 is bad
6132 is bad
6133 is bad
6134 is bad
6135 is bad
6136 is bad
6137 is bad
6139 is bad
6140 is bad
6141 is bad
6142 is bad
6143 is bad
6144 is bad
6145 is bad
6146 is bad
6147 is bad
6148 is bad
6149 is bad
6151 is bad
6153 is bad
6154 is bad
6155 is bad
6156 is bad
6157 is bad
6158 is bad
6159 is bad
6160 is bad
6161 is bad
6162 is bad
6163 is bad
6164 is bad
6165 is bad
6166 is bad
6167 is bad
6168 is bad
6169 is bad
6170 is bad
6171 is bad
6172 is bad
6173 is bad
6174 is bad
6175 is bad
6176 is bad
6177 is bad
6179 is bad
6180 is bad
6181 is bad
6183 is bad
6184 is bad
6185 is bad
6186 is bad
6187 is bad
6188 is bad
6189 is bad
6190 is bad
6191 is bad
6192 is bad
6193 is bad
6195 is bad
6196 is bad
6197 is bad
6198 is bad
6199 is bad
6200 is bad
6201 is bad
6202 is bad
6203 is bad
6204 is bad
6205 is bad
6206 is bad
6207 is bad
6208 is bad
6209 is bad
6210 is bad
6211 is bad
6213 is bad
6214 is bad
6215 is bad
6216 is bad
6217 is bad
6218 is bad
6219 is bad
6220 is bad
6221 is bad
6222 is bad
6223 is bad
6224 is bad
6225 is bad
6226 is bad
6227 is bad
6229 is bad
6230 is bad
6231 is bad
6232 is bad
6233 is bad
6234 is bad
6235 is bad
6236 is bad
6237 is bad
6238 is bad
6239 is bad
6240 is bad
6241 is bad
6242 is bad
6243 is bad
6244 is bad
6246 is bad
6247 is bad
6248 is bad
6249 is bad
6250 is bad
6251 is bad
6252 is bad
6253 is bad
6254 is bad
6255 is bad
6256 is bad
6257 is bad
6258 is bad
6259 is bad
6260 is bad
6261 is bad
6262 is bad
6263 is bad
6264 is bad
6265 is bad
6266 is bad
6267 is bad
6268 is bad
6269 is bad
6270 is bad
6271 is bad
6272 is bad
6273 is bad
6274 is bad
6275 is bad
6276 is bad
6277 is bad
6278 is bad
6281 is bad
6282 is bad
6283 is bad
6284 is bad
6285 is bad
6286 is bad
6287 is bad
6288 is bad
6289 is bad
6290 is bad
6291 is bad
6292 is bad
6294 is bad
6295 is bad
6296 is bad
6297 is bad
6298 is bad
6299 is bad
6300 is bad
6301 is bad
6302 is bad
6303 is bad
6304 is bad
6305 is bad
6306 is bad
6307 is bad
6308 is bad
6309 is bad
6310 is bad
6311 is bad
6312 is bad
6313 is bad
6314 is bad
6315 is bad
6316 is bad
6317 is bad
6318 is bad
6319 is bad
6320 is bad
6321 is bad
6322 is bad
6323 is bad
6324 is bad
6325 is bad
6326 is bad
6327 is bad
6328 is bad
6329 is bad
6330 is bad
6331 is bad
6332 is bad
6333 is bad
6334 is bad
6335 is bad
6336 is bad
6337 is bad
6338 is bad
6339 is bad
6340 is bad
6341 is bad
6342 is bad
6343 is bad
6344 is bad
6345 is bad
6346 is bad
6347 is bad
6348 is bad
6349 is bad
6350 is bad
6351 is bad
6352 is bad
6353 is bad
6354 is bad
6355 is bad
6356 is bad
6357 is bad
6358 is bad
6359 is bad
6360 is bad
6361 is bad
6363 is bad
6364 is bad
6365 is bad
6366 is bad
6367 is bad
6368 is bad
6369 is bad
6370 is bad
6371 is bad
6372 is bad
6373 is bad
6374 is bad
6375 is bad
6376 is bad
6377 is bad
6378 is bad
6379 is bad
6380 is bad
6381 is bad
6382 is bad
6383 is bad
6384 is bad
6385 is bad
6386 is bad
6387 is bad
6388 is bad
6389 is bad
6390 is bad
6391 is bad
6392 is bad
6393 is bad
6394 is bad
6395 is bad
6396 is bad
6397 is bad
6398 is bad
6399 is bad
6400 is bad
6401 is bad
6402 is bad
6403 is bad
6404 is bad
6405 is bad
6406 is bad
6407 is bad
6408 is bad
6409 is bad
6410 is bad
6411 is bad
6412 is bad
6413 is bad
6414 is bad
6415 is bad
6416 is bad
6417 is bad
6418 is bad
6419 is bad
6420 is bad
6421 is bad
6422 is bad
6423 is bad
6424 is bad
6425 is bad
6426 is bad
6427 is bad
6428 is bad
6429 is bad
6430 is bad
6431 is bad
6432 is bad
6433 is bad
6434 is bad
6435 is bad
6436 is bad
6437 is bad
6438 is bad
6439 is bad
6440 is bad
6441 is bad
6442 is bad
6443 is bad
6444 is bad
6445 is bad
6446 is bad
6447 is bad
6448 is bad
6449 is bad
6450 is bad
6451 is bad
6452 is bad
6453 is bad
6454 is bad
6455 is bad
6456 is bad
6457 is bad
6458 is bad
6459 is bad
6460 is bad
6461 is bad
6462 is bad
6463 is bad
6464 is bad
6465 is bad
6466 is bad
6467 is bad
6468 is bad
6469 is bad
6470 is bad
6471 is bad
6472 is bad
6473 is bad
6474 is bad
6475 is bad
6476 is bad
6477 is bad
6478 is bad
6479 is bad
6481 is bad
6482 is bad
6484 is bad
6485 is bad
6486 is bad
6487 is bad
6488 is bad
6489 is bad
6490 is bad
6491 is bad
6492 is bad
6493 is bad
6494 is bad
6495 is bad
6496 is bad
6497 is bad
6498 is bad
6499 is bad
6500 is bad
6501 is bad
6502 is bad
6503 is bad
6504 is bad
6505 is bad
6506 is bad
6507 is bad
6508 is bad
6509 is bad
6510 is bad
6511 is bad
6512 is bad
6513 is bad
6514 is bad
6515 is bad
6516 is bad
6517 is bad
6518 is bad
6519 is bad
6520 is bad
6521 is bad
6522 is bad
6523 is bad
6524 is bad
6525 is bad
6526 is bad
6527 is bad
6528 is bad
6529 is bad
6530 is bad
6531 is bad
6532 is bad
6533 is bad
6534 is bad
6535 is bad
6536 is bad
6537 is bad
6538 is bad
6539 is bad
6540 is bad
6541 is bad
6542 is bad
6543 is bad
6544 is bad
6545 is bad
6546 is bad
6547 is bad
6548 is bad
6549 is bad
6550 is bad
6551 is bad
6552 is bad
6553 is bad
6554 is bad
6555 is bad
6556 is bad
6557 is bad
6558 is bad
6559 is bad
6560 is bad
6561 is bad
6562 is bad
6563 is bad
6564 is bad
6565 is bad
6566 is bad
6567 is bad
6568 is bad
6569 is bad
6570 is bad
6571 is bad
6572 is bad
6573 is bad
6574 is bad
6575 is bad
6576 is bad
6577 is bad
6578 is bad
6579 is bad
6580 is bad
6581 is bad
6582 is bad
6583 is bad
6584 is bad
6585 is bad
6586 is bad
6587 is bad
6588 is bad
6589 is bad
6590 is bad
6591 is bad
6592 is bad
6593 is bad
6594 is bad
6595 is bad
6597 is bad
6598 is bad
6599 is bad
6600 is bad
6601 is bad
6602 is bad
6603 is bad
6604 is bad
6605 is bad
6606 is bad
6607 is bad
6608 is bad
6609 is bad
6610 is bad
6612 is bad
6613 is bad
6614 is bad
6615 is bad
6616 is bad
6617 is bad
6618 is bad
6619 is bad
6620 is bad
6621 is bad
6622 is bad
6623 is bad
6624 is bad
6625 is bad
6626 is bad
6627 is bad
6628 is bad
6629 is bad
6630 is bad
6631 is bad
6632 is bad
6633 is bad
6634 is bad
6635 is bad
6636 is bad
6637 is bad
6638 is bad
6639 is bad
6640 is bad
6641 is bad
6642 is bad
6643 is bad
6644 is bad
6645 is bad
6646 is bad
6647 is bad
6648 is bad
6649 is bad
6650 is bad
6651 is bad
6652 is bad
6653 is bad
6654 is bad
6655 is bad
6656 is bad
6657 is bad
6658 is bad
6659 is bad
6660 is bad
6661 is bad
6662 is bad
6663 is bad
6664 is bad
6665 is bad
6666 is bad
6667 is bad
6668 is bad
6669 is bad
6670 is bad
6671 is bad
6672 is bad
6673 is bad
6674 is bad
6675 is bad
6676 is bad
6677 is bad
6678 is bad
6679 is bad
6680 is bad
6681 is bad
6682 is bad
6683 is bad
6684 is bad
6685 is bad
6686 is bad
6687 is bad
6688 is bad
6689 is bad
6690 is bad
6691 is bad
6692 is bad
6693 is bad
6694 is bad
6695 is bad
6696 is bad
6697 is bad
6698 is bad
6699 is bad
6700 is bad
6701 is bad
6702 is bad
6703 is bad
6704 is bad
6705 is bad
6706 is bad
6707 is bad
6708 is bad
6709 is bad
6710 is bad
6711 is bad
6712 is bad
6713 is bad
6714 is bad
6715 is bad
6716 is bad
6717 is bad
6718 is bad
6719 is bad
6720 is bad
6721 is bad
6722 is bad
6723 is bad
6724 is bad
6725 is bad
6726 is bad
6727 is bad
6728 is bad
6729 is bad
6730 is bad
6732 is bad
6733 is bad
6734 is bad
6735 is bad
6736 is bad
6738 is bad
6739 is bad
6740 is bad
6741 is bad
6742 is bad
6743 is bad
6744 is bad
6745 is bad
6746 is bad
6747 is bad
6748 is bad
6749 is bad
6750 is bad
6751 is bad
6752 is bad
6753 is bad
6754 is bad
6755 is bad
6756 is bad
6757 is bad
6758 is bad
6759 is bad
6760 is bad
6761 is bad
6762 is bad
6763 is bad
6764 is bad
6765 is bad
6766 is bad
6767 is bad
6768 is bad
6769 is bad
6770 is bad
6771 is bad
6772 is bad
6773 is bad
6774 is bad
6775 is bad
6776 is bad
6777 is bad
6778 is bad
6779 is bad
6780 is bad
6782 is bad
6783 is bad
6784 is bad
6785 is bad
6786 is bad
6787 is bad
6788 is bad
6789 is bad
6790 is bad
6792 is bad
6793 is bad
6794 is bad
6795 is bad
6796 is bad
6797 is bad
6798 is bad
6799 is bad
6800 is bad
6801 is bad
6802 is bad
6803 is bad
6804 is bad
6805 is bad
6806 is bad
6807 is bad
6808 is bad
6809 is bad
6810 is bad
6811 is bad
6812 is bad
6813 is bad
6814 is bad
6815 is bad
6816 is bad
6817 is bad
6818 is bad
6819 is bad
6820 is bad
6821 is bad
6822 is bad
6823 is bad
6824 is bad
6825 is bad
6826 is bad
6827 is bad
6828 is bad
6829 is bad
6830 is bad
6831 is bad
6832 is bad
6833 is bad
6834 is bad
6835 is bad
6836 is bad
6837 is bad
6838 is bad
6839 is bad
6840 is bad
6841 is bad
6842 is bad
6843 is bad
6844 is bad
6845 is bad
6846 is bad
6847 is bad
6848 is bad
6849 is bad
6851 is bad
6852 is bad
6853 is bad
6854 is bad
6855 is bad
6856 is bad
6857 is bad
6858 is bad
6859 is bad
6860 is bad
6861 is bad
6862 is bad
6863 is bad
6864 is bad
6865 is bad
6866 is bad
6867 is bad
6868 is bad
6869 is bad
6870 is bad
6871 is bad
6872 is bad
6873 is bad
6874 is bad
6875 is bad
6876 is bad
6877 is bad
6878 is bad
6879 is bad
6880 is bad
6881 is bad
6882 is bad
6883 is bad
6884 is bad
6885 is bad
6886 is bad
6887 is bad
6888 is bad
6889 is bad
6890 is bad
6891 is bad
6892 is bad
6893 is bad
6894 is bad
6895 is bad
6896 is bad
6897 is bad
6898 is bad
6899 is bad
6900 is bad
6901 is bad
6902 is bad
6903 is bad
6904 is bad
6905 is bad
6906 is bad
6907 is bad
6908 is bad
6909 is bad
6910 is bad
6911 is bad
6912 is bad
6913 is bad
6914 is bad
6915 is bad
6916 is bad
6917 is bad
6918 is bad
6919 is bad
6920 is bad
6921 is bad
6922 is bad
6923 is bad
6924 is bad
6925 is bad
6926 is bad
6927 is bad
6928 is bad
6929 is bad
6930 is bad
6931 is bad
6932 is bad
6933 is bad
6934 is bad
6935 is bad
6936 is bad
6937 is bad
6938 is bad
6939 is bad
6940 is bad
6941 is bad
6942 is bad
6943 is bad
6944 is bad
6945 is bad
6946 is bad
6947 is bad
6948 is bad
6949 is bad
6950 is bad
6951 is bad
6952 is bad
6953 is bad
6954 is bad
6955 is bad
6956 is bad
6957 is bad
6958 is bad
6959 is bad
6960 is bad
6961 is bad
6962 is bad
6963 is bad
6964 is bad
6965 is bad
6966 is bad
6967 is bad
6968 is bad
6969 is bad
6970 is bad
6971 is bad
6972 is bad
6973 is bad
6974 is bad
6975 is bad
6976 is bad
6977 is bad
6978 is bad
6979 is bad
6980 is bad
6981 is bad
6982 is bad
6983 is bad
6984 is bad
6985 is bad
6986 is bad
6987 is bad
6988 is bad
6989 is bad
6990 is bad
6992 is bad
6993 is bad
6994 is bad
6995 is bad
6996 is bad
6997 is bad
6998 is bad
6999 is bad
7000 is bad
7001 is bad
7002 is bad
7003 is bad
7004 is bad
7005 is bad
7006 is bad
7007 is bad
7008 is bad
7009 is bad
7010 is bad
7011 is bad
7012 is bad
7013 is bad
7014 is bad
7015 is bad
7016 is bad
7017 is bad
7018 is bad
7019 is bad
7020 is bad
7021 is bad
7022 is bad
7023 is bad
7024 is bad
7025 is bad
7026 is bad
7027 is bad
7028 is bad
7029 is bad
7030 is bad
7031 is bad
7032 is bad
7033 is bad
7034 is bad
7035 is bad
7036 is bad
7037 is bad
7038 is bad
7039 is bad
7040 is bad
7041 is bad
7042 is bad
7043 is bad
7044 is bad
7045 is bad
7046 is bad
7047 is bad
7048 is bad
7049 is bad
7050 is bad
7051 is bad
7052 is bad
7053 is bad
7054 is bad
7055 is bad
7056 is bad
7057 is bad
7058 is bad
7059 is bad
7060 is bad
7061 is bad
7062 is bad
7063 is bad
7064 is bad
7065 is bad
7066 is bad
7067 is bad
7068 is bad
7069 is bad
7070 is bad
7071 is bad
7072 is bad
7073 is bad
7074 is bad
7075 is bad
7076 is bad
7077 is bad
7078 is bad
7080 is bad
7081 is bad
7083 is bad
7084 is bad
7085 is bad
7086 is bad
7087 is bad
7088 is bad
7089 is bad
7090 is bad
7091 is bad
7092 is bad
7093 is bad
7094 is bad
7095 is bad
7096 is bad
7097 is bad
7098 is bad
7099 is bad
7100 is bad
7101 is bad
7102 is bad
7103 is bad
7104 is bad
7105 is bad
7106 is bad
7107 is bad
7108 is bad
7109 is bad
7110 is bad
7111 is bad
7112 is bad
7113 is bad
7114 is bad
7115 is bad
7116 is bad
7117 is bad
7118 is bad
7119 is bad
7120 is bad
7121 is bad
7122 is bad
7123 is bad
7124 is bad
7125 is bad
7126 is bad
7127 is bad
7128 is bad
7129 is bad
7130 is bad
7131 is bad
7132 is bad
7133 is bad
7134 is bad
7135 is bad
7136 is bad
7137 is bad
7138 is bad
7139 is bad
7140 is bad
7141 is bad
7142 is bad
7143 is bad
7144 is bad
7145 is bad
7146 is bad
7147 is bad
7148 is bad
7149 is bad
7150 is bad
7151 is bad
7152 is bad
7153 is bad
7154 is bad
7155 is bad
7156 is bad
7157 is bad
7158 is bad
7159 is bad
7160 is bad
7161 is bad
7162 is bad
7163 is bad
7164 is bad
7165 is bad
7166 is bad
7167 is bad
7168 is bad
7169 is bad
7170 is bad
7171 is bad
7172 is bad
7173 is bad
7174 is bad
7175 is bad
7176 is bad
7177 is bad
7178 is bad
7179 is bad
7180 is bad
7181 is bad
7182 is bad
7183 is bad
7184 is bad
7185 is bad
7186 is bad
7187 is bad
7188 is bad
7189 is bad
7190 is bad
7191 is bad
7192 is bad
7193 is bad
7194 is bad
7195 is bad
7196 is bad
7197 is bad
7198 is bad
7199 is bad
7200 is bad
7201 is bad
7202 is bad
7203 is bad
7204 is bad
7205 is bad
7206 is bad
7207 is bad
7208 is bad
7209 is bad
7210 is bad
7211 is bad
7212 is bad
7213 is bad
7214 is bad
7215 is bad
7216 is bad
7217 is bad
7218 is bad
7219 is bad
7220 is bad
7221 is bad
7222 is bad
7224 is bad
7225 is bad
7226 is bad
7227 is bad
7228 is bad
7229 is bad
7230 is bad
7231 is bad
7232 is bad
7233 is bad
7234 is bad
7235 is bad
7236 is bad
7237 is bad
7238 is bad
7239 is bad
7242 is bad
7243 is bad
7244 is bad
7245 is bad
7246 is bad
7247 is bad
7248 is bad
7249 is bad
7250 is bad
7251 is bad
7252 is bad
7253 is bad
7255 is bad
7256 is bad
7257 is bad
7258 is bad
7259 is bad
7260 is bad
7261 is bad
7262 is bad
7263 is bad
7264 is bad
7266 is bad
7269 is bad
7270 is bad
7271 is bad
7272 is bad
7273 is bad
7274 is bad
7275 is bad
7276 is bad
7277 is bad
7278 is bad
7279 is bad
7280 is bad
7281 is bad
7282 is bad
7283 is bad
7284 is bad
7285 is bad
7286 is bad
7287 is bad
7288 is bad
7289 is bad
7290 is bad
7291 is bad
7292 is bad
7293 is bad
7294 is bad
7295 is bad
7296 is bad
7297 is bad
7298 is bad
7299 is bad
7300 is bad
7301 is bad
7302 is bad
7303 is bad
7304 is bad
7305 is bad
7306 is bad
7307 is bad
7308 is bad
7309 is bad
7310 is bad
7311 is bad
7312 is bad
7313 is bad
7314 is bad
7315 is bad
7317 is bad
7318 is bad
7319 is bad
7320 is bad
7321 is bad
7322 is bad
7323 is bad
7324 is bad
7325 is bad
7326 is bad
7328 is bad
7329 is bad
7330 is bad
7331 is bad
7332 is bad
7333 is bad
7334 is bad
7335 is bad
7336 is bad
7337 is bad
7338 is bad
7339 is bad
7340 is bad
7341 is bad
7342 is bad
7343 is bad
7344 is bad
7345 is bad
7346 is bad
7347 is bad
7348 is bad
7349 is bad
7350 is bad
7351 is bad
7352 is bad
7353 is bad
7354 is bad
7355 is bad
7356 is bad
7357 is bad
7358 is bad
7359 is bad
7360 is bad
7361 is bad
7362 is bad
7363 is bad
7364 is bad
7365 is bad
7366 is bad
7367 is bad
7368 is bad
7369 is bad
7370 is bad
7371 is bad
7372 is bad
7373 is bad
7374 is bad
7376 is bad
7377 is bad
7378 is bad
7379 is bad
7380 is bad
7381 is bad
7382 is bad
7383 is bad
7384 is bad
7385 is bad
7386 is bad
7387 is bad
7388 is bad
7389 is bad
7390 is bad
7391 is bad
7392 is bad
7393 is bad
7394 is bad
7395 is bad
7396 is bad
7397 is bad
7398 is bad
7399 is bad
7400 is bad
7401 is bad
7402 is bad
7403 is bad
7404 is bad
7405 is bad
7406 is bad
7407 is bad
7408 is bad
7409 is bad
7410 is bad
7411 is bad
7412 is bad
7413 is bad
7414 is bad
7415 is bad
7417 is bad
7418 is bad
7419 is bad
7420 is bad
7421 is bad
7422 is bad
7423 is bad
7424 is bad
7425 is bad
7426 is bad
7427 is bad
7428 is bad
7429 is bad
7430 is bad
7431 is bad
7432 is bad
7433 is bad
7434 is bad
7435 is bad
7436 is bad
7437 is bad
7438 is bad
7439 is bad
7440 is bad
7441 is bad
7442 is bad
7443 is bad
7444 is bad
7445 is bad
7446 is bad
7447 is bad
7448 is bad
7449 is bad
7450 is bad
7451 is bad
7452 is bad
7453 is bad
7454 is bad
7455 is bad
7456 is bad
7457 is bad
7458 is bad
7459 is bad
7460 is bad
7461 is bad
7462 is bad
7463 is bad
7464 is bad
7465 is bad
7466 is bad
7467 is bad
7468 is bad
7469 is bad
7470 is bad
7471 is bad
7472 is bad
7473 is bad
7474 is bad
7475 is bad
7476 is bad
7477 is bad
7478 is bad
7479 is bad
7480 is bad
7481 is bad
7482 is bad
7483 is bad
7484 is bad
7485 is bad
7486 is bad
7487 is bad
7488 is bad
7489 is bad
7490 is bad
7491 is bad
7492 is bad
7493 is bad
7494 is bad
7495 is bad
7496 is bad
7497 is bad
7498 is bad
7499 is bad
7500 is bad
7501 is bad
7503 is bad
7504 is bad
7505 is bad
7506 is bad
7507 is bad
7508 is bad
7509 is bad
7510 is bad
7511 is bad
7512 is bad
7514 is bad
7515 is bad
7516 is bad
7517 is bad
7518 is bad
7519 is bad
7520 is bad
7521 is bad
7522 is bad
7523 is bad
7524 is bad
7525 is bad
7526 is bad
7528 is bad
7529 is bad
7530 is bad
7531 is bad
7532 is bad
7533 is bad
7534 is bad
7535 is bad
7536 is bad
7537 is bad
7538 is bad
7539 is bad
7540 is bad
7541 is bad
7542 is bad
7544 is bad
7545 is bad
7546 is bad
7547 is bad
7548 is bad
7549 is bad
7550 is bad
7551 is bad
7552 is bad
7553 is bad
7554 is bad
7555 is bad
7556 is bad
7557 is bad
7558 is bad
7559 is bad
7560 is bad
7561 is bad
7562 is bad
7563 is bad
7564 is bad
7565 is bad
7566 is bad
7567 is bad
7568 is bad
7569 is bad
7570 is bad
7571 is bad
7573 is bad
7574 is bad
7575 is bad
7576 is bad
7577 is bad
7578 is bad
7579 is bad
7580 is bad
7581 is bad
7582 is bad
7583 is bad
7584 is bad
7585 is bad
7586 is bad
7587 is bad
7588 is bad
7589 is bad
7590 is bad
7591 is bad
7592 is bad
7593 is bad
7594 is bad
7595 is bad
7596 is bad
7597 is bad
7598 is bad
7600 is bad
7601 is bad
7602 is bad
7603 is bad
7604 is bad
7605 is bad
7606 is bad
7607 is bad
7608 is bad
7609 is bad
7610 is bad
7611 is bad
7612 is bad
7613 is bad
7614 is bad
7615 is bad
7616 is bad
7617 is bad
7618 is bad
7619 is bad
7620 is bad
7622 is bad
7623 is bad
7624 is bad
7625 is bad
7626 is bad
7627 is bad
7628 is bad
7629 is bad
7630 is bad
7631 is bad
7632 is bad
7633 is bad
7634 is bad
7635 is bad
7636 is bad
7637 is bad
7638 is bad
7639 is bad
7640 is bad
7641 is bad
7642 is bad
7643 is bad
7644 is bad
7645 is bad
7646 is bad
7647 is bad
7648 is bad
7649 is bad
7650 is bad
7651 is bad
7652 is bad
7653 is bad
7654 is bad
7655 is bad
7656 is bad
7657 is bad
7658 is bad
7659 is bad
7660 is bad
7661 is bad
7662 is bad
7664 is bad
7665 is bad
7667 is bad
7668 is bad
7669 is bad
7670 is bad
7671 is bad
7672 is bad
7673 is bad
7674 is bad
7675 is bad
7676 is bad
7677 is bad
7679 is bad
7680 is bad
7681 is bad
7682 is bad
7683 is bad
7684 is bad
7685 is bad
7686 is bad
7687 is bad
7688 is bad
7689 is bad
7690 is bad
7691 is bad
7692 is bad
7693 is bad
7694 is bad
7695 is bad
7698 is bad
7699 is bad
7700 is bad
7701 is bad
7702 is bad
7703 is bad
7704 is bad
7705 is bad
7706 is bad
7707 is bad
7708 is bad
7709 is bad
7710 is bad
7711 is bad
7712 is bad
7713 is bad
7714 is bad
7715 is bad
7716 is bad
7717 is bad
7718 is bad
7719 is bad
7720 is bad
7721 is bad
7722 is bad
7723 is bad
7724 is bad
7725 is bad
7726 is bad
7727 is bad
7728 is bad
7729 is bad
7730 is bad
7731 is bad
7732 is bad
7733 is bad
7734 is bad
7735 is bad
7736 is bad
7737 is bad
7738 is bad
7739 is bad
7740 is bad
7741 is bad
7742 is bad
7743 is bad
7745 is bad
7746 is bad
7747 is bad
7748 is bad
7749 is bad
7751 is bad
7752 is bad
7753 is bad
7754 is bad
7755 is bad
7756 is bad
7757 is bad
7758 is bad
7759 is bad
7760 is bad
7761 is bad
7762 is bad
7763 is bad
7764 is bad
7765 is bad
7766 is bad
7767 is bad
7770 is bad
7771 is bad
7772 is bad
7773 is bad
7774 is bad
7775 is bad
7776 is bad
7777 is bad
7778 is bad
7779 is bad
7780 is bad
7781 is bad
7782 is bad
7783 is bad
7784 is bad
7785 is bad
7786 is bad
7787 is bad
7788 is bad
7789 is bad
7790 is bad
7791 is bad
7792 is bad
7793 is bad
7794 is bad
7795 is bad
7796 is bad
7797 is bad
7798 is bad
7799 is bad
7800 is bad
7801 is bad
7802 is bad
7803 is bad
7804 is bad
7805 is bad
7806 is bad
7807 is bad
7808 is bad
7809 is bad
7810 is bad
7811 is bad
7812 is bad
7813 is bad
7814 is bad
7815 is bad
7816 is bad
7817 is bad
7818 is bad
7819 is bad
7820 is bad
7821 is bad
7822 is bad
7823 is bad
7824 is bad
7825 is bad
7826 is bad
7827 is bad
7828 is bad
7829 is bad
7830 is bad
7831 is bad
7832 is bad
7833 is bad
7835 is bad
7836 is bad
7837 is bad
7838 is bad
7839 is bad
7840 is bad
7841 is bad
7842 is bad
7844 is bad
7845 is bad
7846 is bad
7847 is bad
7848 is bad
7849 is bad
7850 is bad
7851 is bad
7852 is bad
7853 is bad
7854 is bad
7855 is bad
7856 is bad
7857 is bad
7858 is bad
7859 is bad
7860 is bad
7861 is bad
7863 is bad
7864 is bad
7865 is bad
7866 is bad
7867 is bad
7868 is bad
7869 is bad
7870 is bad
7871 is bad
7872 is bad
7873 is bad
7874 is bad
7875 is bad
7876 is bad
7877 is bad
7878 is bad
7879 is bad
7880 is bad
7881 is bad
7882 is bad
7883 is bad
7884 is bad
7885 is bad
7886 is bad
7887 is bad
7888 is bad
7889 is bad
7890 is bad
7891 is bad
7892 is bad
7893 is bad
7894 is bad
7895 is bad
7896 is bad
7897 is bad
7898 is bad
7899 is bad
7900 is bad
7901 is bad
7902 is bad
7903 is bad
7904 is bad
7905 is bad
7906 is bad
7907 is bad
7908 is bad
7909 is bad
7910 is bad
7911 is bad
7912 is bad
7913 is bad
7914 is bad
7915 is bad
7916 is bad
7917 is bad
7918 is bad
7919 is bad
7920 is bad
7922 is bad
7923 is bad
7924 is bad
7925 is bad
7926 is bad
7927 is bad
7928 is bad
7929 is bad
7930 is bad
7931 is bad
7932 is bad
7933 is bad
7934 is bad
7936 is bad
7937 is bad
7938 is bad
7939 is bad
7940 is bad
7941 is bad
7942 is bad
7943 is bad
7944 is bad
7946 is bad
7947 is bad
7948 is bad
7949 is bad
7950 is bad
7951 is bad
7952 is bad
7953 is bad
7954 is bad
7955 is bad
7956 is bad
7958 is bad
7959 is bad
7960 is bad
7961 is bad
7962 is bad
7963 is bad
7964 is bad
7965 is bad
7966 is bad
7967 is bad
7968 is bad
7969 is bad
7970 is bad
7971 is bad
7972 is bad
7973 is bad
7975 is bad
7976 is bad
7977 is bad
7978 is bad
7979 is bad
7980 is bad
7981 is bad
7982 is bad
7983 is bad
7984 is bad
7985 is bad
7986 is bad
7987 is bad
7988 is bad
7989 is bad
7990 is bad
7991 is bad
7992 is bad
7993 is bad
7994 is bad
7995 is bad
7996 is bad
7997 is bad
7998 is bad
7999 is bad
8000 is bad
8001 is bad
8002 is bad
8003 is bad
8004 is bad
8005 is bad
8006 is bad
8007 is bad
8008 is bad
8009 is bad
8010 is bad
8011 is bad
8012 is bad
8013 is bad
8014 is bad
8015 is bad
8016 is bad
8017 is bad
8018 is bad
8019 is bad
8020 is bad
8021 is bad
8022 is bad
8023 is bad
8024 is bad
8025 is bad
8026 is bad
8027 is bad
8028 is bad
8029 is bad
8030 is bad
8031 is bad
8032 is bad
8033 is bad
8034 is bad
8035 is bad
8036 is bad
8037 is bad
8038 is bad
8039 is bad
8040 is bad
8041 is bad
8042 is bad
8044 is bad
8045 is bad
8046 is bad
8047 is bad
8048 is bad
8049 is bad
8050 is bad
8051 is bad
8052 is bad
8053 is bad
8054 is bad
8055 is bad
8056 is bad
8057 is bad
8058 is bad
8059 is bad
8060 is bad
8061 is bad
8062 is bad
8063 is bad
8064 is bad
8065 is bad
8066 is bad
8067 is bad
8068 is bad
8069 is bad
8070 is bad
8071 is bad
8072 is bad
8073 is bad
8074 is bad
8075 is bad
8076 is bad
8077 is bad
8080 is bad
8081 is bad
8082 is bad
8083 is bad
8084 is bad
8085 is bad
8086 is bad
8087 is bad
8088 is bad
8089 is bad
8090 is bad
8091 is bad
8092 is bad
8093 is bad
8094 is bad
8095 is bad
8096 is bad
8097 is bad
8098 is bad
8099 is bad
8100 is bad
8101 is bad
8102 is bad
8103 is bad
8104 is bad
8105 is bad
8106 is bad
8107 is bad
8108 is bad
8109 is bad
8110 is bad
8111 is bad
8112 is bad
8113 is bad
8114 is bad
8115 is bad
8116 is bad
8117 is bad
8118 is bad
8119 is bad
8120 is bad
8121 is bad
8122 is bad
8123 is bad
8124 is bad
8125 is bad
8126 is bad
8127 is bad
8128 is bad
8129 is bad
8130 is bad
8131 is bad
8132 is bad
8133 is bad
8134 is bad
8135 is bad
8136 is bad
8138 is bad
8141 is bad
8142 is bad
8143 is bad
8144 is bad
8145 is bad
8146 is bad
8147 is bad
8148 is bad
8149 is bad
8150 is bad
8151 is bad
8152 is bad
8153 is bad
8154 is bad
8155 is bad
8156 is bad
8157 is bad
8159 is bad
8160 is bad
8161 is bad
8162 is bad
8163 is bad
8165 is bad
8167 is bad
8168 is bad
8169 is bad
8170 is bad
8171 is bad
8172 is bad
8173 is bad
8174 is bad
8175 is bad
8176 is bad
8177 is bad
8178 is bad
8179 is bad
8180 is bad
8182 is bad
8183 is bad
8184 is bad
8185 is bad
8186 is bad
8187 is bad
8188 is bad
8189 is bad
8190 is bad
8191 is bad
8192 is bad
8193 is bad
8194 is bad
8195 is bad
8196 is bad
8197 is bad
8198 is bad
8199 is bad
8200 is bad
8201 is bad
8202 is bad
8203 is bad
8204 is bad
8205 is bad
8206 is bad
8207 is bad
8208 is bad
8209 is bad
8210 is bad
8211 is bad
8212 is bad
8213 is bad
8214 is bad
8215 is bad
8216 is bad
8217 is bad
8218 is bad
8219 is bad
8220 is bad
8222 is bad
8223 is bad
8224 is bad
8225 is bad
8226 is bad
8227 is bad
8228 is bad
8229 is bad
8230 is bad
8231 is bad
8232 is bad
8233 is bad
8234 is bad
8235 is bad
8236 is bad
8237 is bad
8238 is bad
8239 is bad
8240 is bad
8241 is bad
8242 is bad
8243 is bad
8244 is bad
8245 is bad
8246 is bad
8247 is bad
8248 is bad
8249 is bad
8250 is bad
8251 is bad
8252 is bad
8253 is bad
8254 is bad
8255 is bad
8256 is bad
8257 is bad
8258 is bad
8259 is bad
8260 is bad
8261 is bad
8262 is bad
8263 is bad
8264 is bad
8265 is bad
8266 is bad
8267 is bad
8268 is bad
8269 is bad
8270 is bad
8271 is bad
8272 is bad
8273 is bad
8274 is bad
8275 is bad
8276 is bad
8277 is bad
8278 is bad
8279 is bad
8280 is bad
8281 is bad
8282 is bad
8283 is bad
8284 is bad
8285 is bad
8286 is bad
8287 is bad
8288 is bad
8289 is bad
8290 is bad
8291 is bad
8292 is bad
8293 is bad
8294 is bad
8295 is bad
8296 is bad
8297 is bad
8298 is bad
8299 is bad
8300 is bad
8301 is bad
8302 is bad
8303 is bad
8304 is bad
8305 is bad
8306 is bad
8307 is bad
8308 is bad
8309 is bad
8310 is bad
8311 is bad
8312 is bad
8313 is bad
8315 is bad
8317 is bad
8318 is bad
8319 is bad
8320 is bad
8321 is bad
8322 is bad
8323 is bad
8325 is bad
8326 is bad
8327 is bad
8328 is bad
8329 is bad
8330 is bad
8331 is bad
8332 is bad
8333 is bad
8334 is bad
8336 is bad
8337 is bad
8338 is bad
8339 is bad
8340 is bad
8341 is bad
8342 is bad
8343 is bad
8344 is bad
8345 is bad
8346 is bad
8347 is bad
8348 is bad
8349 is bad
8351 is bad
8352 is bad
8353 is bad
8354 is bad
8355 is bad
8356 is bad
8357 is bad
8358 is bad
8359 is bad
8360 is bad
8361 is bad
8362 is bad
8363 is bad
8364 is bad
8365 is bad
8366 is bad
8367 is bad
8368 is bad
8369 is bad
8370 is bad
8371 is bad
8372 is bad
8373 is bad
8374 is bad
8375 is bad
8376 is bad
8377 is bad
8378 is bad
8379 is bad
8380 is bad
8381 is bad
8382 is bad
8383 is bad
8384 is bad
8385 is bad
8386 is bad
8387 is bad
8388 is bad
8389 is bad
8390 is bad
8391 is bad
8392 is bad
8393 is bad
8394 is bad
8395 is bad
8396 is bad
8397 is bad
8398 is bad
8399 is bad
8400 is bad
8401 is bad
8402 is bad
8403 is bad
8404 is bad
8405 is bad
8406 is bad
8407 is bad
8408 is bad
8409 is bad
8410 is bad
8411 is bad
8412 is bad
8413 is bad
8414 is bad
8415 is bad
8416 is bad
8417 is bad
8418 is bad
8419 is bad
8420 is bad
8421 is bad
8422 is bad
8423 is bad
8424 is bad
8425 is bad
8426 is bad
8427 is bad
8428 is bad
8429 is bad
8430 is bad
8431 is bad
8432 is bad
8433 is bad
8434 is bad
8435 is bad
8436 is bad
8437 is bad
8438 is bad
8439 is bad
8440 is bad
8441 is bad
8442 is bad
8443 is bad
8444 is bad
8445 is bad
8446 is bad
8447 is bad
8448 is bad
8449 is bad
8450 is bad
8452 is bad
8453 is bad
8454 is bad
8455 is bad
8456 is bad
8457 is bad
8458 is bad
8459 is bad
8460 is bad
8461 is bad
8462 is bad
8463 is bad
8464 is bad
8465 is bad
8467 is bad
8468 is bad
8469 is bad
8470 is bad
8471 is bad
8472 is bad
8473 is bad
8474 is bad
8475 is bad
8476 is bad
8477 is bad
8478 is bad
8479 is bad
8480 is bad
8481 is bad
8482 is bad
8483 is bad
8484 is bad
8485 is bad
8486 is bad
8487 is bad
8488 is bad
8489 is bad
8490 is bad
8491 is bad
8492 is bad
8493 is bad
8494 is bad
8495 is bad
8496 is bad
8497 is bad
8498 is bad
8499 is bad
8500 is bad
8501 is bad
8502 is bad
8503 is bad
8504 is bad
8505 is bad
8506 is bad
8507 is bad
8508 is bad
8509 is bad
8510 is bad
8511 is bad
8512 is bad
8513 is bad
8514 is bad
8515 is bad
8516 is bad
8517 is bad
8518 is bad
8519 is bad
8520 is bad
8521 is bad
8522 is bad
8523 is bad
8524 is bad
8525 is bad
8526 is bad
8527 is bad
8528 is bad
8529 is bad
8530 is bad
8531 is bad
8532 is bad
8533 is bad
8534 is bad
8535 is bad
8536 is bad
8538 is bad
8539 is bad
8541 is bad
8542 is bad
8543 is bad
8544 is bad
8545 is bad
8546 is bad
8547 is bad
8548 is bad
8549 is bad
8550 is bad
8551 is bad
8552 is bad
8553 is bad
8554 is bad
8555 is bad
8556 is bad
8557 is bad
8558 is bad
8559 is bad
8560 is bad
8561 is bad
8562 is bad
8563 is bad
8564 is bad
8565 is bad
8566 is bad
8567 is bad
8568 is bad
8569 is bad
8570 is bad
8571 is bad
8572 is bad
8573 is bad
8574 is bad
8575 is bad
8576 is bad
8577 is bad
8578 is bad
8579 is bad
8580 is bad
8581 is bad
8582 is bad
8583 is bad
8584 is bad
8585 is bad
8586 is bad
8587 is bad
8588 is bad
8589 is bad
8590 is bad
8591 is bad
8592 is bad
8593 is bad
8594 is bad
8595 is bad
8596 is bad
8597 is bad
8598 is bad
8599 is bad
8600 is bad
8601 is bad
8602 is bad
8603 is bad
8604 is bad
8605 is bad
8606 is bad
8607 is bad
8608 is bad
8609 is bad
8610 is bad
8611 is bad
8612 is bad
8613 is bad
8614 is bad
8615 is bad
8616 is bad
8617 is bad
8618 is bad
8619 is bad
8620 is bad
8621 is bad
8622 is bad
8623 is bad
8624 is bad
8625 is bad
8626 is bad
8627 is bad
8628 is bad
8629 is bad
8630 is bad
8631 is bad
8632 is bad
8633 is bad
8634 is bad
8635 is bad
8636 is bad
8637 is bad
8638 is bad
8639 is bad
8640 is bad
8641 is bad
8642 is bad
8643 is bad
8644 is bad
8645 is bad
8646 is bad
8647 is bad
8648 is bad
8649 is bad
8650 is bad
8651 is bad
8652 is bad
8653 is bad
8654 is bad
8655 is bad
8656 is bad
8657 is bad
8658 is bad
8659 is bad
8660 is bad
8661 is bad
8662 is bad
8663 is bad
8664 is bad
8666 is bad
8668 is bad
8669 is bad
8671 is bad
8672 is bad
8673 is bad
8674 is bad
8675 is bad
8676 is bad
8677 is bad
8678 is bad
8680 is bad
8681 is bad
8682 is bad
8683 is bad
8684 is bad
8685 is bad
8686 is bad
8687 is bad
8688 is bad
8689 is bad
8690 is bad
8691 is bad
8693 is bad
8694 is bad
8695 is bad
8696 is bad
8697 is bad
8698 is bad
8699 is bad
8700 is bad
8701 is bad
8702 is bad
8703 is bad
8704 is bad
8705 is bad
8706 is bad
8707 is bad
8708 is bad
8709 is bad
8710 is bad
8711 is bad
8712 is bad
8713 is bad
8715 is bad
8716 is bad
8717 is bad
8718 is bad
8719 is bad
8720 is bad
8721 is bad
8722 is bad
8723 is bad
8724 is bad
8725 is bad
8726 is bad
8727 is bad
8728 is bad
8729 is bad
8730 is bad
8731 is bad
8732 is bad
8733 is bad
8734 is bad
8735 is bad
8736 is bad
8737 is bad
8738 is bad
8739 is bad
8740 is bad
8741 is bad
8742 is bad
8743 is bad
8744 is bad
8745 is bad
8746 is bad
8747 is bad
8748 is bad
8749 is bad
8750 is bad
8751 is bad
8752 is bad
8753 is bad
8754 is bad
8755 is bad
8756 is bad
8757 is bad
8758 is bad
8759 is bad
8760 is bad
8761 is bad
8762 is bad
8763 is bad
8764 is bad
8765 is bad
8766 is bad
8767 is bad
8768 is bad
8769 is bad
8770 is bad
8771 is bad
8772 is bad
8773 is bad
8774 is bad
8775 is bad
8777 is bad
8778 is bad
8780 is bad
8781 is bad
8782 is bad
8783 is bad
8784 is bad
8785 is bad
8786 is bad
8787 is bad
8788 is bad
8789 is bad
8790 is bad
8791 is bad
8792 is bad
8793 is bad
8794 is bad
8795 is bad
8796 is bad
8797 is bad
8798 is bad
8799 is bad
8800 is bad
8801 is bad
8803 is bad
8804 is bad
8805 is bad
8806 is bad
8807 is bad
8808 is bad
8809 is bad
8810 is bad
8811 is bad
8812 is bad
8813 is bad
8814 is bad
8815 is bad
8816 is bad
8817 is bad
8818 is bad
8819 is bad
8820 is bad
8821 is bad
8822 is bad
8823 is bad
8824 is bad
8825 is bad
8826 is bad
8828 is bad
8829 is bad
8830 is bad
8831 is bad
8832 is bad
8833 is bad
8834 is bad
8835 is bad
8836 is bad
8837 is bad
8839 is bad
8840 is bad
8842 is bad
8843 is bad
8845 is bad
8846 is bad
8847 is bad
8848 is bad
8849 is bad
8850 is bad
8851 is bad
8852 is bad
8853 is bad
8854 is bad
8855 is bad
8856 is bad
8857 is bad
8858 is bad
8859 is bad
8860 is bad
8861 is bad
8862 is bad
8863 is bad
8864 is bad
8865 is bad
8866 is bad
8867 is bad
8868 is bad
8869 is bad
8870 is bad
8871 is bad
8872 is bad
8873 is bad
8874 is bad
8875 is bad
8876 is bad
8877 is bad
8878 is bad
8879 is bad
8880 is bad
8881 is bad
8882 is bad
8883 is bad
8884 is bad
8885 is bad
8886 is bad
8887 is bad
8888 is bad
8889 is bad
8890 is bad
8891 is bad
8892 is bad
8893 is bad
8894 is bad
8895 is bad
8896 is bad
8897 is bad
8898 is bad
8899 is bad
8900 is bad
8901 is bad
8902 is bad
8903 is bad
8904 is bad
8905 is bad
8906 is bad
8907 is bad
8908 is bad
8909 is bad
8910 is bad
8911 is bad
8912 is bad
8913 is bad
8915 is bad
8916 is bad
8917 is bad
8918 is bad
8919 is bad
8920 is bad
8921 is bad
8922 is bad
8923 is bad
8924 is bad
8925 is bad
8926 is bad
8927 is bad
8928 is bad
8929 is bad
8930 is bad
8931 is bad
8932 is bad
8933 is bad
8934 is bad
8935 is bad
8936 is bad
8937 is bad
8938 is bad
8939 is bad
8940 is bad
8941 is bad
8943 is bad
8944 is bad
8945 is bad
8946 is bad
8947 is bad
8948 is bad
8949 is bad
8950 is bad
8951 is bad
8952 is bad
8953 is bad
8954 is bad
8955 is bad
8956 is bad
8957 is bad
8958 is bad
8959 is bad
8960 is bad
8961 is bad
8962 is bad
8963 is bad
8964 is bad
8965 is bad
8966 is bad
8967 is bad
8968 is bad
8969 is bad
8970 is bad
8971 is bad
8972 is bad
8973 is bad
8974 is bad
8975 is bad
8976 is bad
8977 is bad
8978 is bad
8979 is bad
8980 is bad
8981 is bad
8982 is bad
8983 is bad
8984 is bad
8985 is bad
8986 is bad
8987 is bad
8989 is bad
8990 is bad
8991 is bad
8992 is bad
8993 is bad
8995 is bad
8996 is bad
8997 is bad
8998 is bad
8999 is bad
9000 is bad
9001 is bad
9002 is bad
9003 is bad
9004 is bad
9005 is bad
9006 is bad
9007 is bad
9008 is bad
9009 is bad
9010 is bad
9011 is bad
9012 is bad
9013 is bad
9014 is bad
9015 is bad
9016 is bad
9017 is bad
9018 is bad
9019 is bad
9020 is bad
9021 is bad
9022 is bad
9023 is bad
9025 is bad
9026 is bad
9027 is bad
9028 is bad
9029 is bad
9030 is bad
9031 is bad
9032 is bad
9033 is bad
9034 is bad
9035 is bad
9036 is bad
9037 is bad
9038 is bad
9040 is bad
9041 is bad
9042 is bad
9043 is bad
9044 is bad
9045 is bad
9046 is bad
9048 is bad
9049 is bad
9050 is bad
9051 is bad
9052 is bad
9053 is bad
9054 is bad
9055 is bad
9056 is bad
9057 is bad
9058 is bad
9059 is bad
9060 is bad
9061 is bad
9062 is bad
9063 is bad
9064 is bad
9065 is bad
9066 is bad
9067 is bad
9068 is bad
9069 is bad
9070 is bad
9071 is bad
9072 is bad
9073 is bad
9074 is bad
9075 is bad
9076 is bad
9077 is bad
9078 is bad
9079 is bad
9080 is bad
9081 is bad
9082 is bad
9083 is bad
9084 is bad
9085 is bad
9086 is bad
9087 is bad
9088 is bad
9089 is bad
9090 is bad
9091 is bad
9092 is bad
9093 is bad
9094 is bad
9095 is bad
9096 is bad
9098 is bad
9099 is bad
9100 is bad
9101 is bad
9102 is bad
9103 is bad
9104 is bad
9105 is bad
9106 is bad
9107 is bad
9108 is bad
9109 is bad
9110 is bad
9111 is bad
9112 is bad
9113 is bad
9114 is bad
9115 is bad
9116 is bad
9117 is bad
9118 is bad
9119 is bad
9120 is bad
9121 is bad
9122 is bad
9123 is bad
9124 is bad
9125 is bad
9126 is bad
9128 is bad
9129 is bad
9130 is bad
9131 is bad
9133 is bad
9134 is bad
9135 is bad
9136 is bad
9137 is bad
9138 is bad
9140 is bad
9141 is bad
9142 is bad
9143 is bad
9144 is bad
9145 is bad
9146 is bad
9148 is bad
9149 is bad
9150 is bad
9151 is bad
9152 is bad
9153 is bad
9154 is bad
9155 is bad
9156 is bad
9157 is bad
9158 is bad
9159 is bad
9160 is bad
9161 is bad
9162 is bad
9163 is bad
9164 is bad
9166 is bad
9167 is bad
9168 is bad
9169 is bad
9170 is bad
9171 is bad
9172 is bad
9173 is bad
9174 is bad
9175 is bad
9176 is bad
9177 is bad
9178 is bad
9179 is bad
9180 is bad
9181 is bad
9182 is bad
9183 is bad
9184 is bad
9185 is bad
9186 is bad
9187 is bad
9188 is bad
9189 is bad
9190 is bad
9191 is bad
9192 is bad
9193 is bad
9194 is bad
9195 is bad
9196 is bad
9197 is bad
9198 is bad
9199 is bad
9200 is bad
9201 is bad
9202 is bad
9203 is bad
9204 is bad
9205 is bad
9206 is bad
9207 is bad
9208 is bad
9210 is bad
9211 is bad
9212 is bad
9213 is bad
9214 is bad
9215 is bad
9217 is bad
9218 is bad
9219 is bad
9220 is bad
9221 is bad
9222 is bad
9223 is bad
9224 is bad
9225 is bad
9226 is bad
9227 is bad
9228 is bad
9229 is bad
9230 is bad
9231 is bad
9232 is bad
9233 is bad
9234 is bad
9235 is bad
9236 is bad
9238 is bad
9239 is bad
9240 is bad
9242 is bad
9244 is bad
9245 is bad
9246 is bad
9247 is bad
9248 is bad
9249 is bad
9250 is bad
9251 is bad
9252 is bad
9253 is bad
9254 is bad
9255 is bad
9256 is bad
9257 is bad
9258 is bad
9259 is bad
9260 is bad
9261 is bad
9262 is bad
9263 is bad
9264 is bad
9265 is bad
9266 is bad
9267 is bad
9268 is bad
9269 is bad
9270 is bad
9271 is bad
9272 is bad
9273 is bad
9274 is bad
9275 is bad
9276 is bad
9277 is bad
9278 is bad
9279 is bad
9280 is bad
9281 is bad
9282 is bad
9283 is bad
9284 is bad
9285 is bad
9286 is bad
9287 is bad
9288 is bad
9289 is bad
9290 is bad
9291 is bad
9292 is bad
9293 is bad
9294 is bad
9295 is bad
9296 is bad
9297 is bad
9298 is bad
9299 is bad
9300 is bad
9301 is bad
9303 is bad
9304 is bad
9305 is bad
9306 is bad
9307 is bad
9308 is bad
9309 is bad
9310 is bad
9311 is bad
9312 is bad
9313 is bad
9314 is bad
9315 is bad
9316 is bad
9317 is bad
9318 is bad
9319 is bad
9320 is bad
9321 is bad
9322 is bad
9323 is bad
9324 is bad
9325 is bad
9326 is bad
9327 is bad
9328 is bad
9329 is bad
9330 is bad
9331 is bad
9332 is bad
9333 is bad
9335 is bad
9336 is bad
9337 is bad
9338 is bad
9339 is bad
9340 is bad
9341 is bad
9342 is bad
9343 is bad
9344 is bad
9345 is bad
9346 is bad
9347 is bad
9348 is bad
9349 is bad
9350 is bad
9351 is bad
9352 is bad
9353 is bad
9354 is bad
9355 is bad
9356 is bad
9357 is bad
9358 is bad
9360 is bad
9362 is bad
9363 is bad
9364 is bad
9365 is bad
9366 is bad
9367 is bad
9368 is bad
9369 is bad
9370 is bad
9371 is bad
9372 is bad
9373 is bad
9374 is bad
9375 is bad
9376 is bad
9377 is bad
9379 is bad
9380 is bad
9382 is bad
9383 is bad
9384 is bad
9385 is bad
9386 is bad
9387 is bad
9388 is bad
9389 is bad
9390 is bad
9391 is bad
9392 is bad
9393 is bad
9395 is bad
9396 is bad
9397 is bad
9398 is bad
9399 is bad
9400 is bad
9401 is bad
9402 is bad
9403 is bad
9404 is bad
9405 is bad
9406 is bad
9407 is bad
9408 is bad
9409 is bad
9410 is bad
9411 is bad
9412 is bad
9415 is bad
9416 is bad
9417 is bad
9418 is bad
9419 is bad
9420 is bad
9421 is bad
9422 is bad
9423 is bad
9424 is bad
9425 is bad
9426 is bad
9427 is bad
9428 is bad
9429 is bad
9430 is bad
9431 is bad
9432 is bad
9433 is bad
9435 is bad
9436 is bad
9437 is bad
9438 is bad
9439 is bad
9440 is bad
9441 is bad
9442 is bad
9443 is bad
9444 is bad
9445 is bad
9446 is bad
9447 is bad
9448 is bad
9449 is bad
9450 is bad
9451 is bad
9452 is bad
9453 is bad
9454 is bad
9455 is bad
9456 is bad
9457 is bad
9458 is bad
9459 is bad
9460 is bad
9463 is bad
9464 is bad
9465 is bad
9466 is bad
9467 is bad
9468 is bad
9469 is bad
9470 is bad
9473 is bad
9474 is bad
9475 is bad
9476 is bad
9477 is bad
9478 is bad
9479 is bad
9480 is bad
9482 is bad
9483 is bad
9484 is bad
9485 is bad
9486 is bad
9487 is bad
9488 is bad
9489 is bad
9490 is bad
9491 is bad
9492 is bad
9493 is bad
9494 is bad
9495 is bad
9496 is bad
9497 is bad
9498 is bad
9499 is bad
9500 is bad
9501 is bad
9502 is bad
9503 is bad
9504 is bad
9505 is bad
9506 is bad
9507 is bad
9509 is bad
9510 is bad
9513 is bad
9514 is bad
9515 is bad
9516 is bad
9517 is bad
9518 is bad
9519 is bad
9520 is bad
9521 is bad
9522 is bad
9523 is bad
9524 is bad
9525 is bad
9526 is bad
9527 is bad
9528 is bad
9529 is bad
9530 is bad
9531 is bad
9532 is bad
9533 is bad
9534 is bad
9535 is bad
9536 is bad
9537 is bad
9538 is bad
9539 is bad
9540 is bad
9541 is bad
9543 is bad
9544 is bad
9545 is bad
9546 is bad
9547 is bad
9548 is bad
9549 is bad
9550 is bad
9551 is bad
9552 is bad
9553 is bad
9554 is bad
9555 is bad
9556 is bad
9557 is bad
9558 is bad
9559 is bad
9560 is bad
9561 is bad
9562 is bad
9563 is bad
9564 is bad
9565 is bad
9566 is bad
9568 is bad
9569 is bad
9570 is bad
9571 is bad
9572 is bad
9573 is bad
9574 is bad
9575 is bad
9576 is bad
9577 is bad
9578 is bad
9579 is bad
9581 is bad
9582 is bad
9583 is bad
9584 is bad
9585 is bad
9586 is bad
9587 is bad
9588 is bad
9589 is bad
9590 is bad
9591 is bad
9592 is bad
9593 is bad
9594 is bad
9595 is bad
9596 is bad
9597 is bad
9598 is bad
9599 is bad
9600 is bad
9601 is bad
9602 is bad
9603 is bad
9604 is bad
9605 is bad
9606 is bad
9607 is bad
9608 is bad
9609 is bad
9610 is bad
9611 is bad
9613 is bad
9614 is bad
9615 is bad
9616 is bad
9617 is bad
9618 is bad
9619 is bad
9620 is bad
9621 is bad
9622 is bad
9623 is bad
9624 is bad
9625 is bad
9626 is bad
9627 is bad
9628 is bad
9629 is bad
9630 is bad
9631 is bad
9633 is bad
9634 is bad
9635 is bad
9636 is bad
9637 is bad
9638 is bad
9639 is bad
9640 is bad
9641 is bad
9642 is bad
9644 is bad
9645 is bad
9646 is bad
9647 is bad
9648 is bad
9649 is bad
9650 is bad
9651 is bad
9652 is bad
9653 is bad
9654 is bad
9655 is bad
9656 is bad
9657 is bad
9658 is bad
9659 is bad
9660 is bad
9661 is bad
9662 is bad
9663 is bad
9664 is bad
9665 is bad
9666 is bad
9667 is bad
9668 is bad
9669 is bad
9670 is bad
9671 is bad
9672 is bad
9673 is bad
9674 is bad
9675 is bad
9676 is bad
9677 is bad
9678 is bad
9679 is bad
9680 is bad
9681 is bad
9682 is bad
9683 is bad
9684 is bad
9685 is bad
9686 is bad
9687 is bad
9688 is bad
9689 is bad
9690 is bad
9691 is bad
9693 is bad
9694 is bad
9695 is bad
9697 is bad
9698 is bad
9699 is bad
9700 is bad
9701 is bad
9702 is bad
9703 is bad
9704 is bad
9705 is bad
9706 is bad
9708 is bad
9709 is bad
9710 is bad
9711 is bad
9712 is bad
9713 is bad
9714 is bad
9715 is bad
9716 is bad
9717 is bad
9718 is bad
9719 is bad
9720 is bad
9721 is bad
9722 is bad
9723 is bad
9724 is bad
9725 is bad
9726 is bad
9727 is bad
9728 is bad
9729 is bad
9730 is bad
9731 is bad
9732 is bad
9733 is bad
9734 is bad
9735 is bad
9736 is bad
9737 is bad
9738 is bad
9739 is bad
9740 is bad
9741 is bad
9742 is bad
9743 is bad
9744 is bad
9745 is bad
9746 is bad
9747 is bad
9748 is bad
9749 is bad
9750 is bad
9751 is bad
9752 is bad
9753 is bad
9754 is bad
9755 is bad
9756 is bad
9757 is bad
9758 is bad
9759 is bad
9760 is bad
9761 is bad
9762 is bad
9763 is bad
9764 is bad
9765 is bad
9766 is bad
9767 is bad
9768 is bad
9769 is bad
9770 is bad
9771 is bad
9772 is bad
9773 is bad
9775 is bad
9776 is bad
9777 is bad
9778 is bad
9779 is bad
9780 is bad
9781 is bad
9782 is bad
9783 is bad
9784 is bad
9785 is bad
9786 is bad
9787 is bad
9790 is bad
9791 is bad
9792 is bad
9793 is bad
9794 is bad
9795 is bad
9796 is bad
9798 is bad
9799 is bad
9801 is bad
9802 is bad
9803 is bad
9804 is bad
9805 is bad
9806 is bad
9807 is bad
9808 is bad
9809 is bad
9810 is bad
9811 is bad
9812 is bad
9813 is bad
9814 is bad
9815 is bad
9816 is bad
9817 is bad
9818 is bad
9819 is bad
9820 is bad
9821 is bad
9822 is bad
9824 is bad
9825 is bad
9826 is bad
9827 is bad
9828 is bad
9830 is bad
9831 is bad
9832 is bad
9833 is bad
9834 is bad
9835 is bad
9836 is bad
9837 is bad
9838 is bad
9839 is bad
9840 is bad
9841 is bad
9842 is bad
9843 is bad
9844 is bad
9845 is bad
9846 is bad
9847 is bad
9848 is bad
9849 is bad
9850 is bad
9851 is bad
9854 is bad
9855 is bad
9856 is bad
9857 is bad
9858 is bad
9859 is bad
9860 is bad
9861 is bad
9862 is bad
9863 is bad
9864 is bad
9865 is bad
9866 is bad
9867 is bad
9868 is bad
9869 is bad
9870 is bad
9871 is bad
9872 is bad
9873 is bad
9874 is bad
9875 is bad
9876 is bad
9877 is bad
9878 is bad
9879 is bad
9880 is bad
9881 is bad
9882 is bad
9883 is bad
9884 is bad
9885 is bad
9886 is bad
9887 is bad
9888 is bad
9889 is bad
9890 is bad
9891 is bad
9892 is bad
9893 is bad
9894 is bad
9895 is bad
9896 is bad
9897 is bad
9898 is bad
9899 is bad
9900 is bad
9901 is bad
9902 is bad
9903 is bad
9904 is bad
9905 is bad
9906 is bad
9907 is bad
9908 is bad
9909 is bad
9910 is bad
9911 is bad
9912 is bad
9913 is bad
9914 is bad
9915 is bad
9916 is bad
9917 is bad
9918 is bad
9919 is bad
9921 is bad
9922 is bad
9923 is bad
9924 is bad
9925 is bad
9926 is bad
9927 is bad
9928 is bad
9929 is bad
9930 is bad
9931 is bad
9932 is bad
9933 is bad
9935 is bad
9936 is bad
9937 is bad
9938 is bad
9939 is bad
9940 is bad
9941 is bad
9942 is bad
9944 is bad
9945 is bad
9946 is bad
9947 is bad
9949 is bad
9950 is bad
9951 is bad
9952 is bad
9953 is bad
9954 is bad
9955 is bad
9957 is bad
9958 is bad
9959 is bad
9960 is bad
9961 is bad
9962 is bad
9963 is bad
9964 is bad
9965 is bad
9966 is bad
9967 is bad
9968 is bad
9969 is bad
9970 is bad
9971 is bad
9972 is bad
9973 is bad
9974 is bad
9975 is bad
9976 is bad
9977 is bad
9978 is bad
9979 is bad
9980 is bad
9981 is bad
9982 is bad
9983 is bad
9984 is bad
9985 is bad
9986 is bad
9987 is bad
9989 is bad
9990 is bad
9991 is bad
9992 is bad
9993 is bad
9994 is bad
9995 is bad
9996 is bad
9997 is bad
9998 is bad
9999 is bad
10000 is bad
10001 is bad
10002 is bad
10003 is bad
10004 is bad
10005 is bad
10006 is bad
10007 is bad
10008 is bad
10009 is bad
10010 is bad
10011 is bad
10012 is bad
10013 is bad
10015 is bad
10016 is bad
10017 is bad
10018 is bad
10019 is bad
10020 is bad
10021 is bad
10022 is bad
10023 is bad
10024 is bad
10025 is bad
10026 is bad
10027 is bad
10028 is bad
10029 is bad
10030 is bad
10031 is bad
10032 is bad
10034 is bad
10035 is bad
10036 is bad
10037 is bad
10038 is bad
10039 is bad
10040 is bad
10041 is bad
10042 is bad
10043 is bad
10044 is bad
10045 is bad
10046 is bad
10047 is bad
10048 is bad
10049 is bad
10050 is bad
10051 is bad
10052 is bad
10053 is bad
10054 is bad
10055 is bad
10056 is bad
10057 is bad
10058 is bad
10059 is bad
10060 is bad
10061 is bad
10062 is bad
10063 is bad
10064 is bad
10065 is bad
10066 is bad
10067 is bad
10068 is bad
10069 is bad
10070 is bad
10071 is bad
10072 is bad
10073 is bad
10074 is bad
10076 is bad
10077 is bad
10078 is bad
10079 is bad
10080 is bad
10081 is bad
10082 is bad
10083 is bad
10084 is bad
10085 is bad
10086 is bad
10087 is bad
10088 is bad
10089 is bad
10090 is bad
10092 is bad
10093 is bad
10095 is bad
10096 is bad
10097 is bad
10098 is bad
10099 is bad
10100 is bad
10101 is bad
10102 is bad
10103 is bad
10104 is bad
10105 is bad
10106 is bad
10107 is bad
10108 is bad
10109 is bad
10110 is bad
10111 is bad
10112 is bad
10113 is bad
10114 is bad
10115 is bad
10116 is bad
10117 is bad
10118 is bad
10119 is bad
10120 is bad
10121 is bad
10122 is bad
10123 is bad
10124 is bad
10125 is bad
10126 is bad
10127 is bad
10128 is bad
10129 is bad
10131 is bad
10132 is bad
10133 is bad
10134 is bad
10135 is bad
10137 is bad
10138 is bad
10139 is bad
10140 is bad
10141 is bad
10142 is bad
10143 is bad
10144 is bad
10145 is bad
10146 is bad
10147 is bad
10148 is bad
10149 is bad
10150 is bad
10151 is bad
10152 is bad
10153 is bad
10154 is bad
10155 is bad
10157 is bad
10158 is bad
10159 is bad
10160 is bad
10161 is bad
10162 is bad
10163 is bad
10165 is bad
10166 is bad
10167 is bad
10168 is bad
10169 is bad
10170 is bad
10171 is bad
10172 is bad
10173 is bad
10174 is bad
10175 is bad
10176 is bad
10177 is bad
10179 is bad
10180 is bad
10181 is bad
10182 is bad
10183 is bad
10184 is bad
10185 is bad
10186 is bad
10187 is bad
10188 is bad
10189 is bad
10190 is bad
10191 is bad
10192 is bad
10193 is bad
10194 is bad
10195 is bad
10196 is bad
10197 is bad
10198 is bad
10199 is bad
10200 is bad
10201 is bad
10202 is bad
10203 is bad
10204 is bad
10205 is bad
10206 is bad
10207 is bad
10208 is bad
10209 is bad
10210 is bad
10211 is bad
10212 is bad
10213 is bad
10214 is bad
10215 is bad
10216 is bad
10217 is bad
10218 is bad
10219 is bad
10220 is bad
10221 is bad
10222 is bad
10223 is bad
10224 is bad
10226 is bad
10228 is bad
10230 is bad
10231 is bad
10232 is bad
10234 is bad
10235 is bad
10236 is bad
10237 is bad
10238 is bad
10239 is bad
10240 is bad
10241 is bad
10242 is bad
10243 is bad
10244 is bad
10245 is bad
10246 is bad
10247 is bad
10248 is bad
10250 is bad
10252 is bad
10253 is bad
10254 is bad
10255 is bad
10256 is bad
10257 is bad
10258 is bad
10259 is bad
10260 is bad
10261 is bad
10262 is bad
10263 is bad
10264 is bad
10265 is bad
10266 is bad
10267 is bad
10268 is bad
10269 is bad
10271 is bad
10272 is bad
10273 is bad
10274 is bad
10275 is bad
10276 is bad
10277 is bad
10278 is bad
10279 is bad
10280 is bad
10281 is bad
10282 is bad
10283 is bad
10284 is bad
10285 is bad
10286 is bad
10287 is bad
10288 is bad
10289 is bad
10290 is bad
10291 is bad
10292 is bad
10293 is bad
10294 is bad
10295 is bad
10296 is bad
10297 is bad
10298 is bad
10299 is bad
10300 is bad
10301 is bad
10302 is bad
10303 is bad
10304 is bad
10305 is bad
10306 is bad
10307 is bad
10308 is bad
10309 is bad
10311 is bad
10313 is bad
10315 is bad
10316 is bad
10317 is bad
10318 is bad
10319 is bad
10321 is bad
10322 is bad
10323 is bad
10324 is bad
10325 is bad
10326 is bad
10327 is bad
10329 is bad
10330 is bad
10331 is bad
10332 is bad
10333 is bad
10334 is bad
10335 is bad
10337 is bad
10338 is bad
10339 is bad
10340 is bad
10341 is bad
10342 is bad
10343 is bad
10344 is bad
10345 is bad
10346 is bad
10347 is bad
10348 is bad
10349 is bad
10350 is bad
10351 is bad
10352 is bad
10353 is bad
10354 is bad
10355 is bad
10356 is bad
10357 is bad
10358 is bad
10359 is bad
10360 is bad
10361 is bad
10362 is bad
10363 is bad
10364 is bad
10365 is bad
10366 is bad
10368 is bad
10369 is bad
10370 is bad
10371 is bad
10372 is bad
10373 is bad
10374 is bad
10375 is bad
10376 is bad
10377 is bad
10378 is bad
10379 is bad
10380 is bad
10382 is bad
10383 is bad
10384 is bad
10385 is bad
10386 is bad
10387 is bad
10388 is bad
10389 is bad
10390 is bad
10391 is bad
10392 is bad
10393 is bad
10394 is bad
10396 is bad
10397 is bad
10398 is bad
10399 is bad
10400 is bad
10402 is bad
10403 is bad
10404 is bad
10405 is bad
10406 is bad
10407 is bad
10409 is bad
10410 is bad
10411 is bad
10412 is bad
10413 is bad
10414 is bad
10415 is bad
10417 is bad
10418 is bad
10419 is bad
10420 is bad
10421 is bad
10422 is bad
10423 is bad
10424 is bad
10425 is bad
10426 is bad
10427 is bad
10428 is bad
10429 is bad
10430 is bad
10431 is bad
10432 is bad
10434 is bad
10435 is bad
10437 is bad
10438 is bad
10439 is bad
10440 is bad
10441 is bad
10442 is bad
10443 is bad
10444 is bad
10445 is bad
10446 is bad
10447 is bad
10449 is bad
10450 is bad
10451 is bad
10452 is bad
10453 is bad
10454 is bad
10455 is bad
10456 is bad
10457 is bad
10458 is bad
10459 is bad
10460 is bad
10461 is bad
10462 is bad
10463 is bad
10464 is bad
10465 is bad
10466 is bad
10467 is bad
10468 is bad
10469 is bad
10470 is bad
10471 is bad
10472 is bad
10473 is bad
10474 is bad
10476 is bad
10477 is bad
10478 is bad
10479 is bad
10480 is bad
10483 is bad
10484 is bad
10485 is bad
10486 is bad
10487 is bad
10489 is bad
10490 is bad
10491 is bad
10492 is bad
10493 is bad
10494 is bad
10495 is bad
10496 is bad
10497 is bad
10498 is bad
10499 is bad
10500 is bad
10502 is bad
10503 is bad
10504 is bad
10505 is bad
10506 is bad
10507 is bad
10508 is bad
10509 is bad
10510 is bad
10511 is bad
10512 is bad
10513 is bad
10514 is bad
10515 is bad
10516 is bad
10517 is bad
10518 is bad
10519 is bad
10520 is bad
10521 is bad
10522 is bad
10524 is bad
10525 is bad
10527 is bad
10528 is bad
10529 is bad
10530 is bad
10531 is bad
10532 is bad
10534 is bad
10535 is bad
10536 is bad
10537 is bad
10538 is bad
10539 is bad
10540 is bad
10541 is bad
10542 is bad
10543 is bad
10544 is bad
10545 is bad
10546 is bad
10547 is bad
10549 is bad
10550 is bad
10551 is bad
10552 is bad
10553 is bad
10555 is bad
10556 is bad
10557 is bad
10558 is bad
10559 is bad
10560 is bad
10561 is bad
10562 is bad
10563 is bad
10564 is bad
10565 is bad
10566 is bad
10567 is bad
10568 is bad
10569 is bad
10571 is bad
10572 is bad
10573 is bad
10574 is bad
10575 is bad
10576 is bad
10577 is bad
10578 is bad
10579 is bad
10580 is bad
10581 is bad
10582 is bad
10583 is bad
10584 is bad
10585 is bad
10586 is bad
10587 is bad
10588 is bad
10589 is bad
10591 is bad
10592 is bad
10593 is bad
10594 is bad
10595 is bad
10596 is bad
10597 is bad
10598 is bad
10599 is bad
10600 is bad
10601 is bad
10602 is bad
10603 is bad
10604 is bad
10605 is bad
10606 is bad
10607 is bad
10608 is bad
10609 is bad
10610 is bad
10611 is bad
10612 is bad
10613 is bad
10614 is bad
10615 is bad
10616 is bad
10617 is bad
10618 is bad
10619 is bad
10620 is bad
10621 is bad
10622 is bad
10623 is bad
10624 is bad
10625 is bad
10626 is bad
10627 is bad
10628 is bad
10629 is bad
10630 is bad
10631 is bad
10632 is bad
10633 is bad
10634 is bad
10636 is bad
10637 is bad
10638 is bad
10639 is bad
10640 is bad
10642 is bad
10643 is bad
10644 is bad
10645 is bad
10646 is bad
10647 is bad
10648 is bad
10649 is bad
10650 is bad
10651 is bad
10652 is bad
10653 is bad
10654 is bad
10655 is bad
10656 is bad
10657 is bad
10658 is bad
10659 is bad
10661 is bad
10662 is bad
10663 is bad
10664 is bad
10665 is bad
10666 is bad
10668 is bad
10669 is bad
10670 is bad
10671 is bad
10672 is bad
10673 is bad
10674 is bad
10675 is bad
10676 is bad
10677 is bad
10678 is bad
10679 is bad
10680 is bad
10681 is bad
10683 is bad
10684 is bad
10685 is bad
10686 is bad
10687 is bad
10688 is bad
10689 is bad
10690 is bad
10691 is bad
10692 is bad
10693 is bad
10694 is bad
10695 is bad
10696 is bad
10697 is bad
10698 is bad
10699 is bad
10701 is bad
10702 is bad
10704 is bad
10705 is bad
10706 is bad
10707 is bad
10708 is bad
10709 is bad
10710 is bad
10711 is bad
10712 is bad
10713 is bad
10714 is bad
10716 is bad
10717 is bad
10718 is bad
10719 is bad
10721 is bad
10722 is bad
10723 is bad
10724 is bad
10725 is bad
10726 is bad
10727 is bad
10728 is bad
10729 is bad
10730 is bad
10731 is bad
10732 is bad
10733 is bad
10734 is bad
10735 is bad
10736 is bad
10737 is bad
10738 is bad
10739 is bad
10740 is bad
10741 is bad
10742 is bad
10743 is bad
10744 is bad
10745 is bad
10746 is bad
10747 is bad
10748 is bad
10749 is bad
10750 is bad
10751 is bad
10752 is bad
10753 is bad
10754 is bad
10755 is bad
10756 is bad
10757 is bad
10758 is bad
10759 is bad
10761 is bad
10762 is bad
10763 is bad
10764 is bad
10765 is bad
10766 is bad
10767 is bad
10768 is bad
10769 is bad
10770 is bad
10771 is bad
10772 is bad
10773 is bad
10774 is bad
10775 is bad
10776 is bad
10777 is bad
10778 is bad
10779 is bad
10780 is bad
10781 is bad
10782 is bad
10783 is bad
10784 is bad
10785 is bad
10786 is bad
10787 is bad
10788 is bad
10789 is bad
10790 is bad
10791 is bad
10792 is bad
10793 is bad
10794 is bad
10795 is bad
10796 is bad
10797 is bad
10798 is bad
10799 is bad
10800 is bad
10801 is bad
10802 is bad
10803 is bad
10804 is bad
10805 is bad
10806 is bad
10807 is bad
10808 is bad
10809 is bad
10810 is bad
10811 is bad
10812 is bad
10813 is bad
10814 is bad
10815 is bad
10816 is bad
10817 is bad
10818 is bad
10820 is bad
10821 is bad
10822 is bad
10823 is bad
10824 is bad
10825 is bad
10826 is bad
10827 is bad
10828 is bad
10829 is bad
10830 is bad
10831 is bad
10832 is bad
10833 is bad
10834 is bad
10835 is bad
10836 is bad
10837 is bad
10838 is bad
10839 is bad
10841 is bad
10842 is bad
10843 is bad
10844 is bad
10845 is bad
10846 is bad
10847 is bad
10848 is bad
10849 is bad
10850 is bad
10851 is bad
10852 is bad
10853 is bad
10854 is bad
10855 is bad
10856 is bad
10857 is bad
10858 is bad
10859 is bad
10860 is bad
10861 is bad
10862 is bad
10864 is bad
10865 is bad
10866 is bad
10867 is bad
10868 is bad
10869 is bad
10870 is bad
10871 is bad
10872 is bad
10873 is bad
10874 is bad
10875 is bad
10876 is bad
10877 is bad
10878 is bad
10879 is bad
10880 is bad
10881 is bad
10882 is bad
10883 is bad
10884 is bad
10885 is bad
10886 is bad
10887 is bad
10888 is bad
10889 is bad
10890 is bad
10891 is bad
10892 is bad
10893 is bad
10894 is bad
10895 is bad
10896 is bad
10897 is bad
10898 is bad
10899 is bad
10900 is bad
10901 is bad
10902 is bad
10903 is bad
10904 is bad
10905 is bad
10907 is bad
10908 is bad
10910 is bad
10911 is bad
10912 is bad
10913 is bad
10914 is bad
10915 is bad
10916 is bad
10917 is bad
10918 is bad
10919 is bad
10920 is bad
10921 is bad
10922 is bad
10923 is bad
10924 is bad
10925 is bad
10926 is bad
10927 is bad
10928 is bad
10929 is bad
10930 is bad
10931 is bad
10932 is bad
10933 is bad
10934 is bad
10935 is bad
10936 is bad
10937 is bad
10938 is bad
10939 is bad
10940 is bad
10942 is bad
10943 is bad
10944 is bad
10945 is bad
10946 is bad
10947 is bad
10948 is bad
10949 is bad
10950 is bad
10951 is bad
10952 is bad
10953 is bad
10954 is bad
10955 is bad
10956 is bad
10957 is bad
10958 is bad
10959 is bad
10960 is bad
10961 is bad
10962 is bad
10963 is bad
10964 is bad
10965 is bad
10966 is bad
10967 is bad
10968 is bad
10969 is bad
10970 is bad
10971 is bad
10972 is bad
10973 is bad
10974 is bad
10975 is bad
10976 is bad
10977 is bad
10978 is bad
10979 is bad
10980 is bad
10981 is bad
10982 is bad
10983 is bad
10984 is bad
10985 is bad
10986 is bad
10988 is bad
10989 is bad
10990 is bad
10991 is bad
10992 is bad
10993 is bad
10994 is bad
10995 is bad
10996 is bad
10998 is bad
10999 is bad
11000 is bad
11001 is bad
11002 is bad
11003 is bad
11004 is bad
11005 is bad
11006 is bad
11007 is bad
11008 is bad
11009 is bad
11010 is bad
11011 is bad
11012 is bad
11013 is bad
11015 is bad
11016 is bad
11017 is bad
11018 is bad
11019 is bad
11020 is bad
11021 is bad
11022 is bad
11023 is bad
11024 is bad
11025 is bad
11026 is bad
11027 is bad
11028 is bad
11029 is bad
11030 is bad
11031 is bad
11032 is bad
11033 is bad
11034 is bad
11035 is bad
11036 is bad
11037 is bad
11038 is bad
11039 is bad
11040 is bad
11041 is bad
11042 is bad
11044 is bad
11045 is bad
11046 is bad
11047 is bad
11048 is bad
11050 is bad
11051 is bad
11052 is bad
11053 is bad
11054 is bad
11055 is bad
11056 is bad
11057 is bad
11058 is bad
11059 is bad
11060 is bad
11061 is bad
11062 is bad
11063 is bad
11064 is bad
11065 is bad
11066 is bad
11067 is bad
11068 is bad
11069 is bad
11071 is bad
11072 is bad
11073 is bad
11074 is bad
11075 is bad
11076 is bad
11078 is bad
11079 is bad
11081 is bad
11082 is bad
11084 is bad
11085 is bad
11086 is bad
11087 is bad
11088 is bad
11089 is bad
11090 is bad
11091 is bad
11092 is bad
11093 is bad
11094 is bad
11095 is bad
11096 is bad
11097 is bad
11098 is bad
11099 is bad
11100 is bad
11101 is bad
11102 is bad
11103 is bad
11104 is bad
11105 is bad
11106 is bad
11107 is bad
11108 is bad
11109 is bad
11110 is bad
11111 is bad
11112 is bad
11113 is bad
11114 is bad
11115 is bad
11116 is bad
11117 is bad
11118 is bad
11119 is bad
11120 is bad
11121 is bad
11122 is bad
11123 is bad
11124 is bad
11125 is bad
11126 is bad
11127 is bad
11128 is bad
11129 is bad
11130 is bad
11131 is bad
11132 is bad
11133 is bad
11134 is bad
11135 is bad
11136 is bad
11137 is bad
11138 is bad
11139 is bad
11140 is bad
11141 is bad
11142 is bad
11143 is bad
11144 is bad
11145 is bad
11146 is bad
11147 is bad
11148 is bad
11149 is bad
11150 is bad
11151 is bad
11152 is bad
11153 is bad
11155 is bad
11156 is bad
11157 is bad
11158 is bad
11159 is bad
11160 is bad
11162 is bad
11163 is bad
11164 is bad
11165 is bad
11166 is bad
11167 is bad
11168 is bad
11169 is bad
11170 is bad
11171 is bad
11172 is bad
11173 is bad
11175 is bad
11176 is bad
11177 is bad
11178 is bad
11180 is bad
11181 is bad
11182 is bad
11183 is bad
11184 is bad
11185 is bad
11186 is bad
11187 is bad
11188 is bad
11189 is bad
11190 is bad
11191 is bad
11192 is bad
11193 is bad
11194 is bad
11195 is bad
11196 is bad
11197 is bad
11198 is bad
11199 is bad
11200 is bad
11201 is bad
11202 is bad
11203 is bad
11204 is bad
11206 is bad
11207 is bad
11208 is bad
11209 is bad
11210 is bad
11211 is bad
11212 is bad
11213 is bad
11214 is bad
11215 is bad
11216 is bad
11217 is bad
11218 is bad
11219 is bad
11220 is bad
11221 is bad
11222 is bad
11223 is bad
11224 is bad
11225 is bad
11226 is bad
11227 is bad
11228 is bad
11229 is bad
11230 is bad
11231 is bad
11232 is bad
11233 is bad
11235 is bad
11236 is bad
11238 is bad
11239 is bad
11240 is bad
11241 is bad
11242 is bad
11243 is bad
11244 is bad
11245 is bad
11246 is bad
11247 is bad
11248 is bad
11249 is bad
11250 is bad
11251 is bad
11252 is bad
11253 is bad
11254 is bad
11255 is bad
11256 is bad
11257 is bad
11258 is bad
11259 is bad
11260 is bad
11261 is bad
11262 is bad
11263 is bad
11264 is bad
11266 is bad
11267 is bad
11268 is bad
11269 is bad
11270 is bad
11271 is bad
11272 is bad
11273 is bad
11274 is bad
11275 is bad
11276 is bad
11277 is bad
11278 is bad
11279 is bad
11280 is bad
11281 is bad
11282 is bad
11283 is bad
11284 is bad
11285 is bad
11286 is bad
11287 is bad
11288 is bad
11289 is bad
11290 is bad
11292 is bad
11293 is bad
11294 is bad
11295 is bad
11296 is bad
11297 is bad
11298 is bad
11299 is bad
11300 is bad
11301 is bad
11302 is bad
11303 is bad
11304 is bad
11305 is bad
11306 is bad
11307 is bad
11308 is bad
11309 is bad
11310 is bad
11311 is bad
11312 is bad
11313 is bad
11314 is bad
11315 is bad
11316 is bad
11317 is bad
11318 is bad
11319 is bad
11320 is bad
11321 is bad
11323 is bad
11324 is bad
11325 is bad
11326 is bad
11327 is bad
11328 is bad
11329 is bad
11330 is bad
11331 is bad
11332 is bad
11333 is bad
11334 is bad
11335 is bad
11336 is bad
11337 is bad
11338 is bad
11339 is bad
11340 is bad
11341 is bad
11342 is bad
11343 is bad
11344 is bad
11345 is bad
11346 is bad
11347 is bad
11348 is bad
11349 is bad
11350 is bad
11351 is bad
11352 is bad
11353 is bad
11354 is bad
11355 is bad
11356 is bad
11357 is bad
11358 is bad
11359 is bad
11360 is bad
11361 is bad
11362 is bad
11365 is bad
11366 is bad
11367 is bad
11368 is bad
11369 is bad
11370 is bad
11371 is bad
11372 is bad
11373 is bad
11374 is bad
11375 is bad
11376 is bad
11377 is bad
11379 is bad
11380 is bad
11381 is bad
11382 is bad
11383 is bad
11384 is bad
11385 is bad
11386 is bad
11387 is bad
11388 is bad
11389 is bad
11390 is bad
11391 is bad
11392 is bad
11393 is bad
11394 is bad
11395 is bad
11396 is bad
11397 is bad
11398 is bad
11399 is bad
11401 is bad
11402 is bad
11403 is bad
11404 is bad
11405 is bad
11406 is bad
11407 is bad
11408 is bad
11409 is bad
11410 is bad
11411 is bad
11412 is bad
11413 is bad
11414 is bad
11415 is bad
11416 is bad
11417 is bad
11418 is bad
11419 is bad
11420 is bad
11421 is bad
11422 is bad
11423 is bad
11424 is bad
11425 is bad
11426 is bad
11427 is bad
11428 is bad
11429 is bad
11430 is bad
11431 is bad
11432 is bad
11433 is bad
11434 is bad
11435 is bad
11436 is bad
11437 is bad
11438 is bad
11439 is bad
11440 is bad
11441 is bad
11442 is bad
11443 is bad
11444 is bad
11445 is bad
11446 is bad
11447 is bad
11448 is bad
11449 is bad
11450 is bad
11451 is bad
11452 is bad
11453 is bad
11454 is bad
11455 is bad
11456 is bad
11457 is bad
11458 is bad
11459 is bad
11460 is bad
11461 is bad
11462 is bad
11463 is bad
11464 is bad
11465 is bad
11466 is bad
11467 is bad
11468 is bad
11469 is bad
11470 is bad
11471 is bad
11472 is bad
11473 is bad
11474 is bad
11476 is bad
11477 is bad
11478 is bad
11479 is bad
11480 is bad
11481 is bad
11482 is bad
11483 is bad
11484 is bad
11485 is bad
11486 is bad
11487 is bad
11488 is bad
11489 is bad
11490 is bad
11491 is bad
11492 is bad
11493 is bad
11494 is bad
11495 is bad
11496 is bad
11498 is bad
11499 is bad
11500 is bad
11501 is bad
11502 is bad
11503 is bad
11504 is bad
11505 is bad
11506 is bad
11507 is bad
11508 is bad
11509 is bad
11510 is bad
11511 is bad
11512 is bad
11513 is bad
11514 is bad
11515 is bad
11516 is bad
11517 is bad
11518 is bad
11519 is bad
11520 is bad
11521 is bad
11522 is bad
11523 is bad
11524 is bad
11525 is bad
11526 is bad
11527 is bad
11528 is bad
11529 is bad
11530 is bad
11531 is bad
11532 is bad
11533 is bad
11534 is bad
11535 is bad
11536 is bad
11537 is bad
11538 is bad
11539 is bad
11540 is bad
11542 is bad
11543 is bad
11544 is bad
11545 is bad
11546 is bad
11547 is bad
11548 is bad
11549 is bad
11550 is bad
11551 is bad
11552 is bad
11553 is bad
11554 is bad
11556 is bad
11557 is bad
11558 is bad
11559 is bad
11560 is bad
11561 is bad
11562 is bad
11563 is bad
11564 is bad
11565 is bad
11566 is bad
11567 is bad
11569 is bad
11570 is bad
11571 is bad
11572 is bad
11573 is bad
11574 is bad
11575 is bad
11576 is bad
11577 is bad
11578 is bad
11579 is bad
11581 is bad
11582 is bad
11583 is bad
11584 is bad
11585 is bad
11586 is bad
11587 is bad
11588 is bad
11589 is bad
11590 is bad
11591 is bad
11592 is bad
11593 is bad
11594 is bad
11595 is bad
11596 is bad
11597 is bad
11598 is bad
11599 is bad
11600 is bad
11601 is bad
11602 is bad
11603 is bad
11604 is bad
11605 is bad
11606 is bad
11607 is bad
11608 is bad
11609 is bad
11610 is bad
11611 is bad
11612 is bad
11613 is bad
11614 is bad
11615 is bad
11616 is bad
11617 is bad
11618 is bad
11619 is bad
11620 is bad
11621 is bad
11622 is bad
11623 is bad
11624 is bad
11625 is bad
11626 is bad
11627 is bad
11628 is bad
11629 is bad
11630 is bad
11631 is bad
11633 is bad
11634 is bad
11635 is bad
11636 is bad
11637 is bad
11638 is bad
11639 is bad
11640 is bad
11641 is bad
11642 is bad
11643 is bad
11644 is bad
11645 is bad
11646 is bad
11647 is bad
11648 is bad
11649 is bad
11650 is bad
11651 is bad
11652 is bad
11653 is bad
11655 is bad
11656 is bad
11657 is bad
11658 is bad
11659 is bad
11660 is bad
11661 is bad
11662 is bad
11663 is bad
11664 is bad
11665 is bad
11666 is bad
11667 is bad
11668 is bad
11669 is bad
11670 is bad
11671 is bad
11672 is bad
11673 is bad
11674 is bad
11675 is bad
11676 is bad
11677 is bad
11678 is bad
11679 is bad
11680 is bad
11681 is bad
11682 is bad
11683 is bad
11684 is bad
11685 is bad
11686 is bad
11687 is bad
11688 is bad
11689 is bad
11690 is bad
11691 is bad
11692 is bad
11693 is bad
11694 is bad
11695 is bad
11696 is bad
11697 is bad
11698 is bad
11699 is bad
11700 is bad
11701 is bad
11702 is bad
11703 is bad
11704 is bad
11705 is bad
11706 is bad
11707 is bad
11709 is bad
11710 is bad
11711 is bad
11712 is bad
11713 is bad
11714 is bad
11715 is bad
11716 is bad
11717 is bad
11718 is bad
11719 is bad
11720 is bad
11721 is bad
11722 is bad
11723 is bad
11724 is bad
11725 is bad
11726 is bad
11727 is bad
11728 is bad
11729 is bad
11730 is bad
11731 is bad
11732 is bad
11733 is bad
11734 is bad
11735 is bad
11736 is bad
11737 is bad
11738 is bad
11739 is bad
11740 is bad
11741 is bad
11742 is bad
11743 is bad
11744 is bad
11745 is bad
11746 is bad
11748 is bad
11749 is bad
11750 is bad
11751 is bad
11752 is bad
11754 is bad
11755 is bad
11756 is bad
11757 is bad
11758 is bad
11759 is bad
11760 is bad
11761 is bad
11762 is bad
11763 is bad
11764 is bad
11765 is bad
11767 is bad
11768 is bad
11769 is bad
11770 is bad
11771 is bad
11772 is bad
11773 is bad
11774 is bad
11775 is bad
11776 is bad
11777 is bad
11778 is bad
11779 is bad
11780 is bad
11781 is bad
11782 is bad
11783 is bad
11784 is bad
11785 is bad
11786 is bad
11787 is bad
11788 is bad
11789 is bad
11790 is bad
11791 is bad
11792 is bad
11793 is bad
11794 is bad
11795 is bad
11796 is bad
11797 is bad
11798 is bad
11800 is bad
11801 is bad
11802 is bad
11803 is bad
11804 is bad
11805 is bad
11806 is bad
11807 is bad
11808 is bad
11810 is bad
11811 is bad
11812 is bad
11813 is bad
11814 is bad
11815 is bad
11816 is bad
11817 is bad
11818 is bad
11819 is bad
11820 is bad
11821 is bad
11822 is bad
11823 is bad
11825 is bad
11826 is bad
11827 is bad
11828 is bad
11829 is bad
11830 is bad
11831 is bad
11832 is bad
11833 is bad
11836 is bad
11837 is bad
11838 is bad
11839 is bad
11840 is bad
11841 is bad
11842 is bad
11843 is bad
11844 is bad
11845 is bad
11846 is bad
11847 is bad
11849 is bad
11850 is bad
11851 is bad
11852 is bad
11854 is bad
11855 is bad
11856 is bad
11857 is bad
11859 is bad
11860 is bad
11861 is bad
11862 is bad
11864 is bad
11865 is bad
11867 is bad
11868 is bad
11869 is bad
11870 is bad
11871 is bad
11872 is bad
11873 is bad
11874 is bad
11875 is bad
11876 is bad
11877 is bad
11878 is bad
11879 is bad
11880 is bad
11881 is bad
11882 is bad
11883 is bad
11884 is bad
11885 is bad
11886 is bad
11887 is bad
11888 is bad
11889 is bad
11890 is bad
11891 is bad
11892 is bad
11893 is bad
11894 is bad
11895 is bad
11896 is bad
11897 is bad
11898 is bad
11899 is bad
11900 is bad
11901 is bad
11902 is bad
11903 is bad
11904 is bad
11905 is bad
11906 is bad
11907 is bad
11908 is bad
11909 is bad
11910 is bad
11911 is bad
11912 is bad
11914 is bad
11915 is bad
11916 is bad
11917 is bad
11918 is bad
11919 is bad
11920 is bad
11921 is bad
11922 is bad
11923 is bad
11924 is bad
11925 is bad
11926 is bad
11928 is bad
11929 is bad
11930 is bad
11931 is bad
11932 is bad
11933 is bad
11934 is bad
11935 is bad
11936 is bad
11937 is bad
11938 is bad
11939 is bad
11940 is bad
11941 is bad
11942 is bad
11943 is bad
11944 is bad
11945 is bad
11946 is bad
11947 is bad
11948 is bad
11949 is bad
11950 is bad
11951 is bad
11952 is bad
11953 is bad
11954 is bad
11955 is bad
11956 is bad
11957 is bad
11958 is bad
11959 is bad
11960 is bad
11961 is bad
11962 is bad
11963 is bad
11964 is bad
11965 is bad
11966 is bad
11967 is bad
11968 is bad
11969 is bad
11970 is bad
11971 is bad
11972 is bad
11974 is bad
11975 is bad
11976 is bad
11977 is bad
11978 is bad
11979 is bad
11980 is bad
11981 is bad
11982 is bad
11983 is bad
11984 is bad
11985 is bad
11986 is bad
11987 is bad
11988 is bad
11989 is bad
11991 is bad
11992 is bad
11993 is bad
11994 is bad
11995 is bad
11996 is bad
11997 is bad
11998 is bad
11999 is bad
12000 is bad
12001 is bad
12002 is bad
12003 is bad
12004 is bad
12005 is bad
12006 is bad
12007 is bad
12008 is bad
12009 is bad
12010 is bad
12011 is bad
12012 is bad
12013 is bad
12014 is bad
12015 is bad
12016 is bad
12017 is bad
12018 is bad
12019 is bad
12020 is bad
12021 is bad
12022 is bad
12023 is bad
12024 is bad
12025 is bad
12026 is bad
12027 is bad
12028 is bad
12029 is bad
12030 is bad
12031 is bad
12032 is bad
12033 is bad
12034 is bad
12035 is bad
12036 is bad
12037 is bad
12038 is bad
12039 is bad
12040 is bad
12041 is bad
12042 is bad
12043 is bad
12044 is bad
12045 is bad
12046 is bad
12047 is bad
12048 is bad
12049 is bad
12050 is bad
12051 is bad
12052 is bad
12053 is bad
12054 is bad
12055 is bad
12056 is bad
12057 is bad
12058 is bad
12059 is bad
12060 is bad
12061 is bad
12062 is bad
12063 is bad
12064 is bad
12065 is bad
12066 is bad
12067 is bad
12068 is bad
12069 is bad
12070 is bad
12071 is bad
12072 is bad
12073 is bad
12074 is bad
12075 is bad
12076 is bad
12077 is bad
12078 is bad
12079 is bad
12080 is bad
12081 is bad
12082 is bad
12083 is bad
12084 is bad
12085 is bad
12086 is bad
12087 is bad
12088 is bad
12089 is bad
12090 is bad
12091 is bad
12092 is bad
12093 is bad
12094 is bad
12095 is bad
12096 is bad
12097 is bad
12099 is bad
12100 is bad
12101 is bad
12102 is bad
12103 is bad
12104 is bad
12105 is bad
12106 is bad
12107 is bad
12108 is bad
12109 is bad
12110 is bad
12111 is bad
12112 is bad
12113 is bad
12114 is bad
12115 is bad
12116 is bad
12117 is bad
12119 is bad
12120 is bad
12121 is bad
12122 is bad
12123 is bad
12124 is bad
12125 is bad
12126 is bad
12127 is bad
12128 is bad
12129 is bad
12130 is bad
12131 is bad
12132 is bad
12133 is bad
12134 is bad
12135 is bad
12136 is bad
12137 is bad
12138 is bad
12139 is bad
12140 is bad
12141 is bad
12142 is bad
12143 is bad
12144 is bad
12145 is bad
12146 is bad
12147 is bad
12148 is bad
12149 is bad
12150 is bad
12151 is bad
12152 is bad
12153 is bad
12154 is bad
12155 is bad
12156 is bad
12157 is bad
12158 is bad
12159 is bad
12160 is bad
12161 is bad
12162 is bad
12163 is bad
12164 is bad
12165 is bad
12166 is bad
12167 is bad
12168 is bad
12169 is bad
12170 is bad
12171 is bad
12172 is bad
12173 is bad
12174 is bad
12175 is bad
12176 is bad
12178 is bad
12179 is bad
12180 is bad
12181 is bad
12182 is bad
12183 is bad
12184 is bad
12185 is bad
12186 is bad
12187 is bad
12188 is bad
12189 is bad
12190 is bad
12191 is bad
12192 is bad
12193 is bad
12194 is bad
12195 is bad
12196 is bad
12197 is bad
12198 is bad
12199 is bad
12200 is bad
12201 is bad
12202 is bad
12203 is bad
12204 is bad
12205 is bad
12206 is bad
12207 is bad
12208 is bad
12209 is bad
12210 is bad
12211 is bad
12212 is bad
12213 is bad
12214 is bad
12215 is bad
12216 is bad
12217 is bad
12218 is bad
12219 is bad
12220 is bad
12221 is bad
12222 is bad
12223 is bad
12224 is bad
12225 is bad
12226 is bad
12227 is bad
12228 is bad
12229 is bad
12230 is bad
12231 is bad
12232 is bad
12233 is bad
12234 is bad
12235 is bad
12236 is bad
12237 is bad
12238 is bad
12239 is bad
12240 is bad
12241 is bad
12242 is bad
12243 is bad
12244 is bad
12245 is bad
12246 is bad
12247 is bad
12248 is bad
12249 is bad
12250 is bad
12251 is bad
12252 is bad
12253 is bad
12254 is bad
12255 is bad
12256 is bad
12257 is bad
12258 is bad
12259 is bad
12260 is bad
12261 is bad
12262 is bad
12263 is bad
12264 is bad
12265 is bad
12267 is bad
12268 is bad
12269 is bad
12270 is bad
12271 is bad
12272 is bad
12273 is bad
12274 is bad
12275 is bad
12276 is bad
12277 is bad
12278 is bad
12279 is bad
12280 is bad
12281 is bad
12282 is bad
12283 is bad
12284 is bad
12285 is bad
12286 is bad
12287 is bad
12288 is bad
12289 is bad
12290 is bad
12291 is bad
12292 is bad
12293 is bad
12294 is bad
12295 is bad
12296 is bad
12297 is bad
12298 is bad
12299 is bad
12300 is bad
12301 is bad
12302 is bad
12303 is bad
12304 is bad
12305 is bad
12306 is bad
12308 is bad
12309 is bad
12310 is bad
12311 is bad
12312 is bad
12313 is bad
12314 is bad
12315 is bad
12316 is bad
12317 is bad
12318 is bad
12319 is bad
12320 is bad
12321 is bad
12322 is bad
12323 is bad
12324 is bad
12325 is bad
12326 is bad
12327 is bad
12328 is bad
12329 is bad
12330 is bad
12331 is bad
12333 is bad
12334 is bad
12335 is bad
12336 is bad
12337 is bad
12338 is bad
12339 is bad
12340 is bad
12341 is bad
12342 is bad
12343 is bad
12344 is bad
12345 is bad
12346 is bad
12347 is bad
12348 is bad
12349 is bad
12350 is bad
12351 is bad
12352 is bad
12353 is bad
12355 is bad
12356 is bad
12357 is bad
12358 is bad
12359 is bad
12360 is bad
12361 is bad
12362 is bad
12363 is bad
12364 is bad
12365 is bad
12366 is bad
12367 is bad
12368 is bad
12369 is bad
12370 is bad
12371 is bad
12372 is bad
12373 is bad
12374 is bad
12375 is bad
12376 is bad
12377 is bad
12378 is bad
12379 is bad
12380 is bad
12381 is bad
12382 is bad
12383 is bad
12384 is bad
12385 is bad
12386 is bad
12387 is bad
12388 is bad
12389 is bad
12390 is bad
12391 is bad
12392 is bad
12393 is bad
12394 is bad
12395 is bad
12396 is bad
12397 is bad
12398 is bad
12399 is bad
12400 is bad
12401 is bad
12402 is bad
12403 is bad
12404 is bad
12405 is bad
12406 is bad
12407 is bad
12408 is bad
12409 is bad
12410 is bad
12411 is bad
12412 is bad
12413 is bad
12414 is bad
12415 is bad
12416 is bad
12417 is bad
12418 is bad
12419 is bad
12420 is bad
12421 is bad
12422 is bad
12423 is bad
12424 is bad
12425 is bad
12426 is bad
12427 is bad
12428 is bad
12429 is bad
12430 is bad
12431 is bad
12432 is bad
12433 is bad
12434 is bad
12435 is bad
12436 is bad
12437 is bad
12438 is bad
12439 is bad
12440 is bad
12441 is bad
12442 is bad
12443 is bad
12444 is bad
12445 is bad
12447 is bad
12448 is bad
12449 is bad
12450 is bad
12451 is bad
12452 is bad
12453 is bad
12454 is bad
12456 is bad
12457 is bad
12458 is bad
12459 is bad
12460 is bad
12461 is bad
12462 is bad
12463 is bad
12464 is bad
12465 is bad
12466 is bad
12467 is bad
12469 is bad
12470 is bad
12471 is bad
12472 is bad
12474 is bad
12475 is bad
12476 is bad
12477 is bad
12478 is bad
12479 is bad
12480 is bad
12481 is bad
12482 is bad
12483 is bad
12484 is bad
12485 is bad
12486 is bad
12487 is bad
12488 is bad
12489 is bad
12490 is bad
12491 is bad
12492 is bad
12493 is bad
12494 is bad
12495 is bad
12496 is bad
12497 is bad
12498 is bad
12499 is bad
12500 is bad
12501 is bad
12502 is bad
12503 is bad
12504 is bad
12505 is bad
12506 is bad
12507 is bad
12508 is bad
12509 is bad
12510 is bad
12511 is bad
12512 is bad
12513 is bad
12514 is bad
12515 is bad
12516 is bad
12517 is bad
12518 is bad
12519 is bad
12520 is bad
12522 is bad
12523 is bad
12524 is bad
12525 is bad
12526 is bad
12527 is bad
12528 is bad
12529 is bad
12530 is bad
12531 is bad
12532 is bad
12533 is bad
12534 is bad
12535 is bad
12536 is bad
12537 is bad
12538 is bad
12539 is bad
12540 is bad
12541 is bad
12542 is bad
12543 is bad
12544 is bad
12545 is bad
12546 is bad
12547 is bad
12548 is bad
12549 is bad
12550 is bad
12551 is bad
12552 is bad
12553 is bad
12554 is bad
12555 is bad
12556 is bad
12557 is bad
12558 is bad
12559 is bad
12560 is bad
12561 is bad
12562 is bad
12563 is bad
12564 is bad
12565 is bad
12566 is bad
12567 is bad
12568 is bad
12569 is bad
12570 is bad
12571 is bad
12572 is bad
12573 is bad
12574 is bad
12575 is bad
12576 is bad
12577 is bad
12578 is bad
12579 is bad
12580 is bad
12581 is bad
12582 is bad
12584 is bad
12585 is bad
12586 is bad
12587 is bad
12588 is bad
12589 is bad
12590 is bad
12591 is bad
12592 is bad
12593 is bad
12594 is bad
12595 is bad
12596 is bad
12597 is bad
12598 is bad
12599 is bad
12600 is bad
12601 is bad
12602 is bad
12604 is bad
12605 is bad
12606 is bad
12607 is bad
12608 is bad
12609 is bad
12610 is bad
12611 is bad
12612 is bad
12613 is bad
12614 is bad
12615 is bad
12616 is bad
12617 is bad
12618 is bad
12619 is bad
12620 is bad
12621 is bad
12622 is bad
12623 is bad
12624 is bad
12625 is bad
12626 is bad
12627 is bad
12628 is bad
12629 is bad
12630 is bad
12631 is bad
12633 is bad
12634 is bad
12635 is bad
12636 is bad
12637 is bad
12638 is bad
12639 is bad
12640 is bad
12641 is bad
12642 is bad
12643 is bad
12644 is bad
12645 is bad
12646 is bad
12647 is bad
12648 is bad
12649 is bad
12650 is bad
12651 is bad
12652 is bad
12653 is bad
12654 is bad
12655 is bad
12656 is bad
12657 is bad
12658 is bad
12659 is bad
12660 is bad
12661 is bad
12662 is bad
12663 is bad
12664 is bad
12665 is bad
12666 is bad
12667 is bad
12668 is bad
12669 is bad
12670 is bad
12671 is bad
12672 is bad
12673 is bad
12674 is bad
12675 is bad
12676 is bad
12677 is bad
12678 is bad
12679 is bad
12680 is bad
12681 is bad
12682 is bad
12683 is bad
12684 is bad
12685 is bad
12686 is bad
12687 is bad
12688 is bad
12689 is bad
12690 is bad
12691 is bad
12692 is bad
12693 is bad
12694 is bad
12695 is bad
12696 is bad
12697 is bad
12698 is bad
12699 is bad
12700 is bad
12701 is bad
12702 is bad
12703 is bad
12704 is bad
12705 is bad
12706 is bad
12707 is bad
12708 is bad
12709 is bad
12710 is bad
12711 is bad
12712 is bad
12713 is bad
12714 is bad
12715 is bad
12716 is bad
12717 is bad
12718 is bad
12719 is bad
12720 is bad
12721 is bad
12722 is bad
12723 is bad
12724 is bad
12725 is bad
12726 is bad
12727 is bad
12728 is bad
12729 is bad
12730 is bad
12731 is bad
12732 is bad
12733 is bad
12734 is bad
12735 is bad
12736 is bad
12737 is bad
12738 is bad
12739 is bad
12740 is bad
12741 is bad
12742 is bad
12743 is bad
12744 is bad
12745 is bad
12746 is bad
12747 is bad
12748 is bad
12749 is bad
12750 is bad
12751 is bad
12752 is bad
12753 is bad
12754 is bad
12755 is bad
12756 is bad
12757 is bad
12758 is bad
12759 is bad
12760 is bad
12761 is bad
12762 is bad
12763 is bad
12764 is bad
12765 is bad
12766 is bad
12767 is bad
12768 is bad
12769 is bad
12770 is bad
12771 is bad
12772 is bad
12773 is bad
12774 is bad
12775 is bad
12776 is bad
12777 is bad
12778 is bad
12779 is bad
12780 is bad
12781 is bad
12782 is bad
12783 is bad
12784 is bad
12786 is bad
12787 is bad
12788 is bad
12790 is bad
12791 is bad
12792 is bad
12793 is bad
12794 is bad
12795 is bad
12796 is bad
12797 is bad
12798 is bad
12799 is bad
12800 is bad
12801 is bad
12802 is bad
12803 is bad
12804 is bad
12805 is bad
12807 is bad
12808 is bad
12809 is bad
12810 is bad
12811 is bad
12812 is bad
12813 is bad
12814 is bad
12815 is bad
12816 is bad
12817 is bad
12818 is bad
12819 is bad
12820 is bad
12821 is bad
12822 is bad
12823 is bad
12824 is bad
12825 is bad
12826 is bad
12827 is bad
12828 is bad
12830 is bad
12831 is bad
12832 is bad
12833 is bad
12834 is bad
12835 is bad
12836 is bad
12837 is bad
12838 is bad
12839 is bad
12840 is bad
12841 is bad
12842 is bad
12843 is bad
12844 is bad
12845 is bad
12846 is bad
12847 is bad
12848 is bad
12849 is bad
12850 is bad
12851 is bad
12852 is bad
12853 is bad
12854 is bad
12855 is bad
12856 is bad
12857 is bad
12858 is bad
12859 is bad
12860 is bad
12861 is bad
12862 is bad
12863 is bad
12864 is bad
12865 is bad
12866 is bad
12867 is bad
12868 is bad
12870 is bad
12871 is bad
12872 is bad
12873 is bad
12874 is bad
12875 is bad
12876 is bad
12877 is bad
12878 is bad
12879 is bad
12880 is bad
12881 is bad
12882 is bad
12883 is bad
12884 is bad
12885 is bad
12886 is bad
12887 is bad
12888 is bad
12889 is bad
12890 is bad
12891 is bad
12892 is bad
12893 is bad
12894 is bad
12895 is bad
12896 is bad
12897 is bad
12898 is bad
12899 is bad
12900 is bad
12901 is bad
12902 is bad
12903 is bad
12904 is bad
12905 is bad
12906 is bad
12907 is bad
12908 is bad
12909 is bad
12910 is bad
12911 is bad
12912 is bad
12913 is bad
12914 is bad
12915 is bad
12916 is bad
12917 is bad
12918 is bad
12919 is bad
12920 is bad
12921 is bad
12922 is bad
12923 is bad
12924 is bad
12925 is bad
12926 is bad
12927 is bad
12928 is bad
12929 is bad
12930 is bad
12931 is bad
12932 is bad
12933 is bad
12934 is bad
12935 is bad
12936 is bad
12937 is bad
12938 is bad
12939 is bad
12940 is bad
12941 is bad
12942 is bad
12943 is bad
12944 is bad
12945 is bad
12946 is bad
12947 is bad
12948 is bad
12949 is bad
12950 is bad
12951 is bad
12952 is bad
12953 is bad
12954 is bad
12955 is bad
12956 is bad
12957 is bad
12958 is bad
12959 is bad
12960 is bad
12961 is bad
12962 is bad
12963 is bad
12964 is bad
12965 is bad
12966 is bad
12967 is bad
12968 is bad
12969 is bad
12970 is bad
12971 is bad
12972 is bad
12973 is bad
12974 is bad
12975 is bad
12976 is bad
12977 is bad
12978 is bad
12979 is bad
12980 is bad
12981 is bad
12982 is bad
12983 is bad
12984 is bad
12985 is bad
12986 is bad
12987 is bad
12988 is bad
12989 is bad
12990 is bad
12991 is bad
12992 is bad
12993 is bad
12994 is bad
12995 is bad
12996 is bad
12997 is bad
12998 is bad
12999 is bad
13000 is bad
13001 is bad
13002 is bad
13003 is bad
13004 is bad
13005 is bad
13006 is bad
13007 is bad
13008 is bad
13009 is bad
13010 is bad
13011 is bad
13012 is bad
13013 is bad
13014 is bad
13015 is bad
13016 is bad
13018 is bad
13019 is bad
13020 is bad
13021 is bad
13022 is bad
13023 is bad
13024 is bad
13025 is bad
13026 is bad
13027 is bad
13028 is bad
13029 is bad
13030 is bad
13031 is bad
13032 is bad
13033 is bad
13034 is bad
13035 is bad
13036 is bad
13037 is bad
13038 is bad
13039 is bad
13040 is bad
13041 is bad
13042 is bad
13043 is bad
13044 is bad
13045 is bad
13046 is bad
13047 is bad
13048 is bad
13049 is bad
13050 is bad
13051 is bad
13052 is bad
13053 is bad
13054 is bad
13055 is bad
13056 is bad
13057 is bad
13058 is bad
13059 is bad
13060 is bad
13061 is bad
13062 is bad
13063 is bad
13064 is bad
13065 is bad
13066 is bad
13067 is bad
13068 is bad
13069 is bad
13070 is bad
13071 is bad
13072 is bad
13073 is bad
13074 is bad
13075 is bad
13076 is bad
13077 is bad
13078 is bad
13079 is bad
13080 is bad
13081 is bad
13082 is bad
13083 is bad
13084 is bad
13085 is bad
13086 is bad
13087 is bad
13088 is bad
13089 is bad
13090 is bad
13091 is bad
13092 is bad
13093 is bad
13094 is bad
13095 is bad
13096 is bad
13097 is bad
13098 is bad
13099 is bad
13100 is bad
13101 is bad
13102 is bad
13103 is bad
13104 is bad
13105 is bad
13106 is bad
13107 is bad
13108 is bad
13109 is bad
13110 is bad
13111 is bad
13112 is bad
13113 is bad
13114 is bad
13115 is bad
13116 is bad
13117 is bad
13118 is bad
13119 is bad
13120 is bad
13121 is bad
13122 is bad
13123 is bad
13124 is bad
13125 is bad
13126 is bad
13127 is bad
13128 is bad
13129 is bad
13130 is bad
13131 is bad
13132 is bad
13133 is bad
13134 is bad
13135 is bad
13136 is bad
13137 is bad
13138 is bad
13139 is bad
13140 is bad
13141 is bad
13142 is bad
13143 is bad
13144 is bad
13145 is bad
13146 is bad
13147 is bad
13148 is bad
13149 is bad
13150 is bad
13151 is bad
13152 is bad
13153 is bad
13154 is bad
13155 is bad
13156 is bad
13157 is bad
13158 is bad
13159 is bad
13160 is bad
13161 is bad
13162 is bad
13163 is bad
13164 is bad
13165 is bad
13166 is bad
13167 is bad
13168 is bad
13169 is bad
13170 is bad
13171 is bad
13172 is bad
13173 is bad
13174 is bad
13175 is bad
13176 is bad
13177 is bad
13178 is bad
13179 is bad
13180 is bad
13181 is bad
13182 is bad
13183 is bad
13184 is bad
13185 is bad
13186 is bad
13187 is bad
13188 is bad
13189 is bad
13190 is bad
13191 is bad
13192 is bad
13193 is bad
13194 is bad
13195 is bad
13196 is bad
13197 is bad
13198 is bad
13199 is bad
13200 is bad
13201 is bad
13202 is bad
13203 is bad
13204 is bad
13205 is bad
13206 is bad
13207 is bad
13208 is bad
13209 is bad
13210 is bad
13211 is bad
13212 is bad
13213 is bad
13214 is bad
13215 is bad
13217 is bad
13218 is bad
13220 is bad
13221 is bad
13222 is bad
13223 is bad
13225 is bad
13226 is bad
13227 is bad
13228 is bad
13229 is bad
13230 is bad
13231 is bad
13232 is bad
13233 is bad
13234 is bad
13235 is bad
13236 is bad
13237 is bad
13238 is bad
13239 is bad
13240 is bad
13241 is bad
13242 is bad
13243 is bad
13244 is bad
13245 is bad
13246 is bad
13247 is bad
13248 is bad
13249 is bad
13250 is bad
13251 is bad
13252 is bad
13253 is bad
13254 is bad
13255 is bad
13256 is bad
13257 is bad
13258 is bad
13259 is bad
13260 is bad
13261 is bad
13262 is bad
13263 is bad
13264 is bad
13265 is bad
13266 is bad
13267 is bad
13268 is bad
13269 is bad
13270 is bad
13271 is bad
13272 is bad
13273 is bad
13274 is bad
13275 is bad
13276 is bad
13277 is bad
13278 is bad
13279 is bad
13280 is bad
13281 is bad
13282 is bad
13283 is bad
13284 is bad
13285 is bad
13286 is bad
13287 is bad
13288 is bad
13289 is bad
13290 is bad
13291 is bad
13292 is bad
13293 is bad
13294 is bad
13295 is bad
13296 is bad
13297 is bad
13298 is bad
13299 is bad
13300 is bad
13301 is bad
13302 is bad
13303 is bad
13304 is bad
13305 is bad
13306 is bad
13307 is bad
13308 is bad
13309 is bad
13310 is bad
13311 is bad
13312 is bad
13313 is bad
13314 is bad
13315 is bad
13316 is bad
13317 is bad
13318 is bad
13319 is bad
13320 is bad
13321 is bad
13322 is bad
13323 is bad
13324 is bad
13325 is bad
13326 is bad
13327 is bad
13328 is bad
13329 is bad
13330 is bad
13331 is bad
13332 is bad
13333 is bad
13334 is bad
13335 is bad
13336 is bad
13337 is bad
13338 is bad
13339 is bad
13340 is bad
13341 is bad
13342 is bad
13343 is bad
13344 is bad
13345 is bad
13346 is bad
13347 is bad
13348 is bad
13349 is bad
13350 is bad
13351 is bad
13352 is bad
13353 is bad
13354 is bad
13355 is bad
13356 is bad
13357 is bad
13358 is bad
13359 is bad
13360 is bad
13361 is bad
13362 is bad
13363 is bad
13364 is bad
13365 is bad
13366 is bad
13367 is bad
13368 is bad
13369 is bad
13370 is bad
13371 is bad
13372 is bad
13373 is bad
13374 is bad
13375 is bad
13376 is bad
13377 is bad
13378 is bad
13379 is bad
13380 is bad
13381 is bad
13382 is bad
13383 is bad
13384 is bad
13385 is bad
13386 is bad
13387 is bad
13388 is bad
13389 is bad
13390 is bad
13391 is bad
13392 is bad
13393 is bad
13394 is bad
13395 is bad
13396 is bad
13397 is bad
13398 is bad
13399 is bad
13400 is bad
13401 is bad
13402 is bad
13403 is bad
13404 is bad
13405 is bad
13406 is bad
13407 is bad
13408 is bad
13409 is bad
13410 is bad
13411 is bad
13412 is bad
13413 is bad
13414 is bad
13415 is bad
13416 is bad
13417 is bad
13418 is bad
13419 is bad
13420 is bad
13421 is bad
13422 is bad
13423 is bad
13424 is bad
13425 is bad
13426 is bad
13427 is bad
13428 is bad
13429 is bad
13430 is bad
13431 is bad
13432 is bad
13433 is bad
13434 is bad
13435 is bad
13436 is bad
13437 is bad
13438 is bad
13439 is bad
13440 is bad
13441 is bad
13442 is bad
13443 is bad
13444 is bad
13445 is bad
13446 is bad
13447 is bad
13448 is bad
13449 is bad
13450 is bad
13451 is bad
13452 is bad
13453 is bad
13454 is bad
13455 is bad
13456 is bad
13457 is bad
13458 is bad
13459 is bad
13460 is bad
13461 is bad
13462 is bad
13463 is bad
13464 is bad
13465 is bad
13466 is bad
13467 is bad
13468 is bad
13469 is bad
13470 is bad
13471 is bad
13472 is bad
13473 is bad
13474 is bad
13475 is bad
13476 is bad
13477 is bad
13478 is bad
13479 is bad
13480 is bad
13481 is bad
13482 is bad
13483 is bad
13484 is bad
13485 is bad
13486 is bad
13487 is bad
13488 is bad
13489 is bad
13490 is bad
13491 is bad
13492 is bad
13493 is bad
13494 is bad
13495 is bad
13496 is bad
13497 is bad
13498 is bad
13499 is bad
13500 is bad
13501 is bad
13502 is bad
13503 is bad
13504 is bad
13505 is bad
13506 is bad
13507 is bad
13508 is bad
13509 is bad
13510 is bad
13511 is bad
13512 is bad
13513 is bad
13514 is bad
13515 is bad
13516 is bad
13517 is bad
13518 is bad
13519 is bad
13520 is bad
13522 is bad
13523 is bad
13524 is bad
13525 is bad
13526 is bad
13527 is bad
13528 is bad
13529 is bad
13530 is bad
13531 is bad
13532 is bad
13533 is bad
13534 is bad
13535 is bad
13536 is bad
13537 is bad
13538 is bad
13539 is bad
13540 is bad
13541 is bad
13542 is bad
13543 is bad
13544 is bad
13545 is bad
13546 is bad
13547 is bad
13548 is bad
13549 is bad
13550 is bad
13551 is bad
13552 is bad
13553 is bad
13554 is bad
13555 is bad
13556 is bad
13557 is bad
13558 is bad
13559 is bad
13560 is bad
13561 is bad
13562 is bad
13563 is bad
13564 is bad
13565 is bad
13566 is bad
13567 is bad
13568 is bad
13569 is bad
13570 is bad
13571 is bad
13572 is bad
13573 is bad
13575 is bad
13576 is bad
13577 is bad
13578 is bad
13579 is bad
13580 is bad
13581 is bad
13582 is bad
13583 is bad
13584 is bad
13585 is bad
13586 is bad
13587 is bad
13588 is bad
13590 is bad
13591 is bad
13592 is bad
13593 is bad
13594 is bad
13595 is bad
13596 is bad
13597 is bad
13598 is bad
13599 is bad
13600 is bad
13601 is bad
13602 is bad
13603 is bad
13604 is bad
13605 is bad
13606 is bad
13607 is bad
13608 is bad
13609 is bad
13610 is bad
13611 is bad
13612 is bad
13613 is bad
13614 is bad
13615 is bad
13616 is bad
13617 is bad
13618 is bad
13619 is bad
13620 is bad
13621 is bad
13622 is bad
13623 is bad
13625 is bad
13626 is bad
13627 is bad
13628 is bad
13629 is bad
13630 is bad
13631 is bad
13632 is bad
13633 is bad
13634 is bad
13635 is bad
13636 is bad
13637 is bad
13638 is bad
13639 is bad
13640 is bad
13641 is bad
13642 is bad
13643 is bad
13644 is bad
13645 is bad
13646 is bad
13647 is bad
13648 is bad
13649 is bad
13650 is bad
13651 is bad
13653 is bad
13654 is bad
13655 is bad
13656 is bad
13657 is bad
13658 is bad
13659 is bad
13660 is bad
13661 is bad
13662 is bad
13663 is bad
13664 is bad
13665 is bad
13666 is bad
13667 is bad
13668 is bad
13669 is bad
13670 is bad
13671 is bad
13672 is bad
13673 is bad
13674 is bad
13675 is bad
13676 is bad
13677 is bad
13678 is bad
13679 is bad
13680 is bad
13681 is bad
13682 is bad
13683 is bad
13684 is bad
13686 is bad
13687 is bad
13688 is bad
13689 is bad
13690 is bad
13691 is bad
13692 is bad
13693 is bad
13694 is bad
13695 is bad
13696 is bad
13697 is bad
13698 is bad
13699 is bad
13700 is bad
13701 is bad
13702 is bad
13703 is bad
13704 is bad
13705 is bad
13706 is bad
13707 is bad
13708 is bad
13709 is bad
13710 is bad
13711 is bad
13712 is bad
13713 is bad
13714 is bad
13715 is bad
13716 is bad
13717 is bad
13718 is bad
13719 is bad
13720 is bad
13722 is bad
13723 is bad
13724 is bad
13725 is bad
13726 is bad
13727 is bad
13728 is bad
13729 is bad
13730 is bad
13731 is bad
13732 is bad
13733 is bad
13734 is bad
13735 is bad
13736 is bad
13737 is bad
13738 is bad
13739 is bad
13741 is bad
13742 is bad
13743 is bad
13744 is bad
13745 is bad
13746 is bad
13747 is bad
13749 is bad
13750 is bad
13751 is bad
13752 is bad
13753 is bad
13754 is bad
13755 is bad
13756 is bad
13757 is bad
13758 is bad
13759 is bad
13760 is bad
13761 is bad
13762 is bad
13763 is bad
13764 is bad
13765 is bad
13766 is bad
13767 is bad
13768 is bad
13769 is bad
13770 is bad
13771 is bad
13772 is bad
13773 is bad
13774 is bad
13775 is bad
13776 is bad
13777 is bad
13778 is bad
13779 is bad
13780 is bad
13781 is bad
13782 is bad
13783 is bad
13784 is bad
13785 is bad
13786 is bad
13787 is bad
13788 is bad
13789 is bad
13790 is bad
13791 is bad
13792 is bad
13793 is bad
13794 is bad
13796 is bad
13797 is bad
13798 is bad
13799 is bad
13800 is bad
13801 is bad
13802 is bad
13803 is bad
13804 is bad
13805 is bad
13806 is bad
13807 is bad
13808 is bad
13809 is bad
13810 is bad
13812 is bad
13813 is bad
13814 is bad
13815 is bad
13816 is bad
13817 is bad
13818 is bad
13819 is bad
13820 is bad
13821 is bad
13822 is bad
13823 is bad
13824 is bad
13825 is bad
13826 is bad
13827 is bad
13828 is bad
13829 is bad
13830 is bad
13831 is bad
13832 is bad
13833 is bad
13834 is bad
13835 is bad
13836 is bad
13837 is bad
13838 is bad
13839 is bad
13840 is bad
13841 is bad
13842 is bad
13843 is bad
13844 is bad
13845 is bad
13846 is bad
13847 is bad
13848 is bad
13849 is bad
13850 is bad
13851 is bad
13852 is bad
13853 is bad
13854 is bad
13855 is bad
13856 is bad
13857 is bad
13858 is bad
13859 is bad
13860 is bad
13861 is bad
13862 is bad
13863 is bad
13864 is bad
13865 is bad
13866 is bad
13867 is bad
13868 is bad
13869 is bad
13870 is bad
13871 is bad
13872 is bad
13873 is bad
13874 is bad
13875 is bad
13876 is bad
13877 is bad
13878 is bad
13879 is bad
13880 is bad
13881 is bad
13882 is bad
13883 is bad
13884 is bad
13885 is bad
13886 is bad
13887 is bad
13888 is bad
13889 is bad
13890 is bad
13891 is bad
13892 is bad
13893 is bad
13894 is bad
13895 is bad
13896 is bad
13897 is bad
13898 is bad
13899 is bad
13900 is bad
13901 is bad
13902 is bad
13903 is bad
13904 is bad
13905 is bad
13906 is bad
13907 is bad
13908 is bad
13909 is bad
13910 is bad
13911 is bad
13912 is bad
13913 is bad
13914 is bad
13915 is bad
13916 is bad
13917 is bad
13918 is bad
13919 is bad
13920 is bad
13921 is bad
13922 is bad
13923 is bad
13924 is bad
13925 is bad
13926 is bad
13927 is bad
13928 is bad
13929 is bad
13930 is bad
13931 is bad
13932 is bad
13933 is bad
13934 is bad
13935 is bad
13936 is bad
13937 is bad
13938 is bad
13939 is bad
13940 is bad
13941 is bad
13942 is bad
13943 is bad
13944 is bad
13945 is bad
13946 is bad
13947 is bad
13948 is bad
13949 is bad
13950 is bad
13951 is bad
13952 is bad
13953 is bad
13954 is bad
13955 is bad
13956 is bad
13957 is bad
13958 is bad
13959 is bad
13960 is bad
13961 is bad
13962 is bad
13963 is bad
13964 is bad
13965 is bad
13966 is bad
13967 is bad
13968 is bad
13969 is bad
13970 is bad
13971 is bad
13972 is bad
13973 is bad
13974 is bad
13975 is bad
13976 is bad
13977 is bad
13978 is bad
13979 is bad
13980 is bad
13981 is bad
13982 is bad
13983 is bad
13984 is bad
13985 is bad
13986 is bad
13987 is bad
13988 is bad
13989 is bad
13990 is bad
13991 is bad
13992 is bad
13993 is bad
13994 is bad
13995 is bad
13996 is bad
13997 is bad
13998 is bad
13999 is bad
14000 is bad
14001 is bad
14002 is bad
14003 is bad
14004 is bad
14005 is bad
14006 is bad
14007 is bad
14008 is bad
14009 is bad
14010 is bad
14011 is bad
14012 is bad
14013 is bad
14014 is bad
14015 is bad
14017 is bad
14018 is bad
14019 is bad
14020 is bad
14023 is bad
14024 is bad
14025 is bad
14026 is bad
14027 is bad
14028 is bad
14029 is bad
14030 is bad
14031 is bad
14032 is bad
14033 is bad
14034 is bad
14035 is bad
14036 is bad
14037 is bad
14038 is bad
14039 is bad
14040 is bad
14041 is bad
14042 is bad
14043 is bad
14044 is bad
14045 is bad
14046 is bad
14047 is bad
14048 is bad
14050 is bad
14051 is bad
14052 is bad
14053 is bad
14054 is bad
14055 is bad
14056 is bad
14057 is bad
14058 is bad
14059 is bad
14060 is bad
14061 is bad
14062 is bad
14063 is bad
14064 is bad
14065 is bad
14066 is bad
14067 is bad
14068 is bad
14069 is bad
14070 is bad
14071 is bad
14072 is bad
14073 is bad
14074 is bad
14075 is bad
14076 is bad
14077 is bad
14078 is bad
14079 is bad
14080 is bad
14081 is bad
14082 is bad
14083 is bad
14084 is bad
14085 is bad
14086 is bad
14087 is bad
14088 is bad
14089 is bad
14090 is bad
14091 is bad
14092 is bad
14093 is bad
14094 is bad
14095 is bad
14096 is bad
14097 is bad
14098 is bad
14099 is bad
14100 is bad
14101 is bad
14102 is bad
14103 is bad
14104 is bad
14105 is bad
14106 is bad
14107 is bad
14108 is bad
14109 is bad
14110 is bad
14111 is bad
14112 is bad
14113 is bad
14114 is bad
14115 is bad
14116 is bad
14117 is bad
14118 is bad
14119 is bad
14120 is bad
14121 is bad
14122 is bad
14123 is bad
14124 is bad
14125 is bad
14126 is bad
14127 is bad
14128 is bad
14129 is bad
14130 is bad
14131 is bad
14132 is bad
14133 is bad
14134 is bad
14135 is bad
14136 is bad
14137 is bad
14138 is bad
14139 is bad
14140 is bad
14141 is bad
14142 is bad
14143 is bad
14145 is bad
14146 is bad
14147 is bad
14148 is bad
14149 is bad
14150 is bad
14151 is bad
14152 is bad
14153 is bad
14154 is bad
14155 is bad
14156 is bad
14157 is bad
14158 is bad
14159 is bad
14160 is bad
14161 is bad
14162 is bad
14163 is bad
14164 is bad
14165 is bad
14166 is bad
14167 is bad
14168 is bad
14169 is bad
14170 is bad
14171 is bad
14172 is bad
14173 is bad
14174 is bad
14175 is bad
14176 is bad
14177 is bad
14178 is bad
14179 is bad
14180 is bad
14181 is bad
14182 is bad
14183 is bad
14184 is bad
14185 is bad
14186 is bad
14187 is bad
14188 is bad
14189 is bad
14190 is bad
14191 is bad
14192 is bad
14193 is bad
14194 is bad
14195 is bad
14196 is bad
14197 is bad
14198 is bad
14199 is bad
14200 is bad
14201 is bad
14202 is bad
14203 is bad
14204 is bad
14205 is bad
14206 is bad
14207 is bad
14208 is bad
14209 is bad
14210 is bad
14211 is bad
14212 is bad
14213 is bad
14214 is bad
14215 is bad
14216 is bad
14217 is bad
14218 is bad
14219 is bad
14221 is bad
14222 is bad
14223 is bad
14224 is bad
14225 is bad
14226 is bad
14227 is bad
14228 is bad
14229 is bad
14230 is bad
14231 is bad
14232 is bad
14233 is bad
14234 is bad
14235 is bad
14236 is bad
14237 is bad
14238 is bad
14239 is bad
14240 is bad
14241 is bad
14242 is bad
14243 is bad
14244 is bad
14245 is bad
14246 is bad
14247 is bad
14248 is bad
14249 is bad
14250 is bad
14251 is bad
14252 is bad
14253 is bad
14254 is bad
14255 is bad
14256 is bad
14257 is bad
14258 is bad
14259 is bad
14260 is bad
14261 is bad
14262 is bad
14263 is bad
14264 is bad
14265 is bad
14266 is bad
14267 is bad
14268 is bad
14269 is bad
14270 is bad
14271 is bad
14272 is bad
14273 is bad
14274 is bad
14275 is bad
14276 is bad
14277 is bad
14278 is bad
14279 is bad
14280 is bad
14281 is bad
14282 is bad
14283 is bad
14284 is bad
14285 is bad
14286 is bad
14287 is bad
14288 is bad
14289 is bad
14290 is bad
14291 is bad
14292 is bad
14293 is bad
14294 is bad
14295 is bad
14296 is bad
14297 is bad
14298 is bad
14299 is bad
14300 is bad
14301 is bad
14302 is bad
14303 is bad
14304 is bad
14305 is bad
14306 is bad
14307 is bad
14308 is bad
14309 is bad
14310 is bad
14311 is bad
14312 is bad
14313 is bad
14314 is bad
14315 is bad
14316 is bad
14317 is bad
14318 is bad
14319 is bad
14320 is bad
14321 is bad
14322 is bad
14323 is bad
14324 is bad
14325 is bad
14326 is bad
14327 is bad
14328 is bad
14329 is bad
14330 is bad
14331 is bad
14332 is bad
14333 is bad
14334 is bad
14335 is bad
14336 is bad
14337 is bad
14338 is bad
14339 is bad
14340 is bad
14341 is bad
14342 is bad
14343 is bad
14344 is bad
14345 is bad
14346 is bad
14347 is bad
14348 is bad
14349 is bad
14350 is bad
14351 is bad
14352 is bad
14353 is bad
14354 is bad
14355 is bad
14356 is bad
14357 is bad
14358 is bad
14359 is bad
14360 is bad
14361 is bad
14362 is bad
14363 is bad
14364 is bad
14365 is bad
14366 is bad
14367 is bad
14368 is bad
14369 is bad
14370 is bad
14371 is bad
14372 is bad
14373 is bad
14374 is bad
14375 is bad
14376 is bad
14377 is bad
14378 is bad
14379 is bad
14380 is bad
14381 is bad
14382 is bad
14383 is bad
14384 is bad
14385 is bad
14386 is bad
14387 is bad
14388 is bad
14389 is bad
14390 is bad
14391 is bad
14392 is bad
14393 is bad
14394 is bad
14395 is bad
14396 is bad
14397 is bad
14398 is bad
14399 is bad
14401 is bad
14402 is bad
14403 is bad
14404 is bad
14405 is bad
14406 is bad
14407 is bad
14408 is bad
14409 is bad
14410 is bad
14411 is bad
14412 is bad
14413 is bad
14414 is bad
14415 is bad
14416 is bad
14417 is bad
14418 is bad
14419 is bad
14420 is bad
14421 is bad
14422 is bad
14423 is bad
14424 is bad
14425 is bad
14426 is bad
14427 is bad
14428 is bad
14429 is bad
14430 is bad
14431 is bad
14432 is bad
14433 is bad
14434 is bad
14435 is bad
14436 is bad
14437 is bad
14438 is bad
14439 is bad
14440 is bad
14441 is bad
14442 is bad
14443 is bad
14444 is bad
14445 is bad
14446 is bad
14447 is bad
14448 is bad
14449 is bad
14450 is bad
14451 is bad
14452 is bad
14453 is bad
14454 is bad
14455 is bad
14457 is bad
14458 is bad
14459 is bad
14460 is bad
14461 is bad
14462 is bad
14463 is bad
14464 is bad
14465 is bad
14466 is bad
14467 is bad
14469 is bad
14470 is bad
14471 is bad
14472 is bad
14473 is bad
14474 is bad
14475 is bad
14476 is bad
14477 is bad
14478 is bad
14479 is bad
14480 is bad
14481 is bad
14482 is bad
14483 is bad
14484 is bad
14485 is bad
14486 is bad
14487 is bad
14488 is bad
14490 is bad
14491 is bad
14492 is bad
14493 is bad
14494 is bad
14495 is bad
14496 is bad
14497 is bad
14498 is bad
14499 is bad
14500 is bad
14501 is bad
14502 is bad
14503 is bad
14504 is bad
14505 is bad
14506 is bad
14507 is bad
14508 is bad
14509 is bad
14510 is bad
14511 is bad
14512 is bad
14513 is bad
14514 is bad
14515 is bad
14516 is bad
14517 is bad
14518 is bad
14519 is bad
14520 is bad
14521 is bad
14522 is bad
14523 is bad
14524 is bad
14525 is bad
14526 is bad
14527 is bad
14528 is bad
14529 is bad
14530 is bad
14531 is bad
14532 is bad
14533 is bad
14534 is bad
14535 is bad
14536 is bad
14537 is bad
14538 is bad
14539 is bad
14540 is bad
14541 is bad
14542 is bad
14543 is bad
14544 is bad
14545 is bad
14546 is bad
14547 is bad
14548 is bad
14549 is bad
14550 is bad
14551 is bad
14552 is bad
14553 is bad
14554 is bad
14555 is bad
14556 is bad
14557 is bad
14558 is bad
14559 is bad
14560 is bad
14561 is bad
14562 is bad
14563 is bad
14564 is bad
14565 is bad
14566 is bad
14567 is bad
14568 is bad
14569 is bad
14570 is bad
14571 is bad
14572 is bad
14573 is bad
14574 is bad
14575 is bad
14576 is bad
14577 is bad
14578 is bad
14579 is bad
14580 is bad
14581 is bad
14582 is bad
14583 is bad
14584 is bad
14585 is bad
14586 is bad
14587 is bad
14588 is bad
14589 is bad
14590 is bad
14591 is bad
14592 is bad
14593 is bad
14594 is bad
14595 is bad
14596 is bad
14597 is bad
14598 is bad
14599 is bad
14600 is bad
14601 is bad
14602 is bad
14603 is bad
14604 is bad
14605 is bad
14606 is bad
14607 is bad
14608 is bad
14609 is bad
14610 is bad
14611 is bad
14612 is bad
14613 is bad
14614 is bad
14615 is bad
14616 is bad
14617 is bad
14618 is bad
14619 is bad
14620 is bad
14621 is bad
14622 is bad
14623 is bad
14624 is bad
14625 is bad
14626 is bad
14627 is bad
14629 is bad
14630 is bad
14631 is bad
14632 is bad
14633 is bad
14634 is bad
14635 is bad
14636 is bad
14637 is bad
14638 is bad
14639 is bad
14640 is bad
14641 is bad
14642 is bad
14643 is bad
14644 is bad
14645 is bad
14646 is bad
14647 is bad
14648 is bad
14649 is bad
14650 is bad
14651 is bad
14652 is bad
14653 is bad
14654 is bad
14655 is bad
14656 is bad
14657 is bad
14658 is bad
14659 is bad
14660 is bad
14661 is bad
14662 is bad
14663 is bad
14664 is bad
14665 is bad
14666 is bad
14667 is bad
14668 is bad
14669 is bad
14670 is bad
14671 is bad
14672 is bad
14673 is bad
14674 is bad
14675 is bad
14676 is bad
14677 is bad
14678 is bad
14679 is bad
14680 is bad
14681 is bad
14682 is bad
14683 is bad
14684 is bad
14685 is bad
14686 is bad
14687 is bad
14688 is bad
14689 is bad
14690 is bad
14691 is bad
14692 is bad
14693 is bad
14694 is bad
14695 is bad
14696 is bad
14697 is bad
14698 is bad
14699 is bad
14700 is bad
14701 is bad
14702 is bad
14703 is bad
14704 is bad
14705 is bad
14706 is bad
14707 is bad
14708 is bad
14709 is bad
14710 is bad
14711 is bad
14712 is bad
14713 is bad
14714 is bad
14715 is bad
14716 is bad
14717 is bad
14718 is bad
14719 is bad
14720 is bad
14721 is bad
14722 is bad
14723 is bad
14724 is bad
14725 is bad
14726 is bad
14727 is bad
14728 is bad
14729 is bad
14730 is bad
14731 is bad
14732 is bad
14733 is bad
14734 is bad
14735 is bad
14736 is bad
14737 is bad
14738 is bad
14739 is bad
14740 is bad
14741 is bad
14742 is bad
14743 is bad
14744 is bad
14745 is bad
14746 is bad
14747 is bad
14748 is bad
14749 is bad
14750 is bad
14752 is bad
14753 is bad
14754 is bad
14755 is bad
14756 is bad
14757 is bad
14758 is bad
14759 is bad
14760 is bad
14761 is bad
14762 is bad
14763 is bad
14764 is bad
14766 is bad
14767 is bad
14768 is bad
14769 is bad
14770 is bad
14771 is bad
14772 is bad
14773 is bad
14774 is bad
14775 is bad
14776 is bad
14777 is bad
14778 is bad
14779 is bad
14780 is bad
14781 is bad
14782 is bad
14783 is bad
14784 is bad
14785 is bad
14786 is bad
14787 is bad
14788 is bad
14789 is bad
14790 is bad
14791 is bad
14792 is bad
14793 is bad
14794 is bad
14795 is bad
14796 is bad
14797 is bad
14798 is bad
14799 is bad
14800 is bad
14801 is bad
14802 is bad
14803 is bad
14804 is bad
14805 is bad
14806 is bad
14807 is bad
14808 is bad
14809 is bad
14810 is bad
14811 is bad
14812 is bad
14813 is bad
14814 is bad
14815 is bad
14816 is bad
14817 is bad
14818 is bad
14819 is bad
14820 is bad
14821 is bad
14822 is bad
14823 is bad
14824 is bad
14825 is bad
14826 is bad
14827 is bad
14828 is bad
14829 is bad
14830 is bad
14831 is bad
14832 is bad
14833 is bad
14834 is bad
14835 is bad
14836 is bad
14837 is bad
14838 is bad
14839 is bad
14840 is bad
14841 is bad
14842 is bad
14843 is bad
14844 is bad
14845 is bad
14846 is bad
14847 is bad
14848 is bad
14849 is bad
14850 is bad
14851 is bad
14852 is bad
14853 is bad
14854 is bad
14855 is bad
14856 is bad
14857 is bad
14858 is bad
14859 is bad
14860 is bad
14861 is bad
14862 is bad
14863 is bad
14864 is bad
14865 is bad
14866 is bad
14867 is bad
14869 is bad
14870 is bad
14871 is bad
14872 is bad
14873 is bad
14874 is bad
14875 is bad
14876 is bad
14877 is bad
14878 is bad
14879 is bad
14880 is bad
14881 is bad
14882 is bad
14883 is bad
14884 is bad
14885 is bad
14886 is bad
14887 is bad
14888 is bad
14889 is bad
14890 is bad
14891 is bad
14892 is bad
14893 is bad
14894 is bad
14895 is bad
14896 is bad
14897 is bad
14898 is bad
14899 is bad
14900 is bad
14901 is bad
14902 is bad
14903 is bad
14904 is bad
14905 is bad
14906 is bad
14907 is bad
14908 is bad
14909 is bad
14910 is bad
14911 is bad
14912 is bad
14913 is bad
14914 is bad
14915 is bad
14916 is bad
14917 is bad
14918 is bad
14919 is bad
14920 is bad
14921 is bad
14922 is bad
14923 is bad
14924 is bad
14925 is bad
14926 is bad
14927 is bad
14928 is bad
14929 is bad
14930 is bad
14931 is bad
14932 is bad
14933 is bad
14934 is bad
14935 is bad
14936 is bad
14937 is bad
14938 is bad
14939 is bad
14940 is bad
14941 is bad
14942 is bad
14943 is bad
14944 is bad
14945 is bad
14946 is bad
14947 is bad
14948 is bad
14949 is bad
14950 is bad
14951 is bad
14952 is bad
14953 is bad
14954 is bad
14955 is bad
14956 is bad
14957 is bad
14958 is bad
14959 is bad
14960 is bad
14961 is bad
14962 is bad
14963 is bad
14964 is bad
14965 is bad
14966 is bad
14967 is bad
14968 is bad
14969 is bad
14970 is bad
14971 is bad
14972 is bad
14973 is bad
14974 is bad
14975 is bad
14976 is bad
14977 is bad
14978 is bad
14979 is bad
14980 is bad
14981 is bad
14982 is bad
14983 is bad
14984 is bad
14985 is bad
14986 is bad
14987 is bad
14988 is bad
14989 is bad
14990 is bad
14991 is bad
14992 is bad
14993 is bad
14994 is bad
14995 is bad
14996 is bad
14997 is bad
14998 is bad
14999 is bad
15000 is bad
15001 is bad
15002 is bad
15003 is bad
15004 is bad
15005 is bad
15006 is bad
15007 is bad
15008 is bad
15009 is bad
15010 is bad
15011 is bad
15012 is bad
15013 is bad
15014 is bad
15015 is bad
15016 is bad
15017 is bad
15018 is bad
15019 is bad
15020 is bad
15021 is bad
15022 is bad
15023 is bad
15024 is bad
15025 is bad
15026 is bad
15027 is bad
15028 is bad
15029 is bad
15030 is bad
15031 is bad
15033 is bad
15034 is bad
15035 is bad
15036 is bad
15037 is bad
15038 is bad
15039 is bad
15040 is bad
15041 is bad
15042 is bad
15043 is bad
15044 is bad
15045 is bad
15046 is bad
15047 is bad
15048 is bad
15049 is bad
15050 is bad
15051 is bad
15052 is bad
15053 is bad
15054 is bad
15055 is bad
15056 is bad
15057 is bad
15058 is bad
15059 is bad
15060 is bad
15061 is bad
15062 is bad
15063 is bad
15064 is bad
15065 is bad
15066 is bad
15067 is bad
15068 is bad
15069 is bad
15070 is bad
15071 is bad
15072 is bad
15073 is bad
15074 is bad
15075 is bad
15076 is bad
15077 is bad
15078 is bad
15079 is bad
15080 is bad
15081 is bad
15082 is bad
15083 is bad
15084 is bad
15085 is bad
15086 is bad
15087 is bad
15088 is bad
15089 is bad
15090 is bad
15091 is bad
15092 is bad
15093 is bad
15094 is bad
15095 is bad
15096 is bad
15097 is bad
15098 is bad
15099 is bad
15100 is bad
15101 is bad
15102 is bad
15103 is bad
15104 is bad
15105 is bad
15106 is bad
15107 is bad
15108 is bad
15109 is bad
15110 is bad
15111 is bad
15112 is bad
15113 is bad
15114 is bad
15115 is bad
15116 is bad
15117 is bad
15118 is bad
15119 is bad
15120 is bad
15121 is bad
15122 is bad
15123 is bad
15124 is bad
15125 is bad
15126 is bad
15127 is bad
15128 is bad
15129 is bad
15130 is bad
15131 is bad
15132 is bad
15133 is bad
15134 is bad
15135 is bad
15136 is bad
15137 is bad
15138 is bad
15139 is bad
15140 is bad
15141 is bad
15142 is bad
15143 is bad
15144 is bad
15145 is bad
15146 is bad
15147 is bad
15148 is bad
15149 is bad
15150 is bad
15151 is bad
15152 is bad
15153 is bad
15154 is bad
15155 is bad
15157 is bad
15158 is bad
15159 is bad
15160 is bad
15161 is bad
15162 is bad
15163 is bad
15164 is bad
15165 is bad
15166 is bad
15167 is bad
15168 is bad
15169 is bad
15170 is bad
15171 is bad
15172 is bad
15173 is bad
15174 is bad
15175 is bad
15176 is bad
15177 is bad
15178 is bad
15179 is bad
15180 is bad
15181 is bad
15182 is bad
15183 is bad
15184 is bad
15185 is bad
15186 is bad
15187 is bad
15188 is bad
15189 is bad
15190 is bad
15191 is bad
15192 is bad
15193 is bad
15195 is bad
15196 is bad
15197 is bad
15198 is bad
15199 is bad
15200 is bad
15201 is bad
15202 is bad
15203 is bad
15204 is bad
15205 is bad
15206 is bad
15207 is bad
15208 is bad
15209 is bad
15210 is bad
15211 is bad
15212 is bad
15213 is bad
15214 is bad
15215 is bad
15216 is bad
15217 is bad
15218 is bad
15219 is bad
15220 is bad
15221 is bad
15222 is bad
15223 is bad
15224 is bad
15225 is bad
15226 is bad
15227 is bad
15228 is bad
15229 is bad
15230 is bad
15231 is bad
15232 is bad
15233 is bad
15234 is bad
15235 is bad
15236 is bad
15237 is bad
15238 is bad
15239 is bad
15240 is bad
15241 is bad
15242 is bad
15243 is bad
15244 is bad
15245 is bad
15246 is bad
15247 is bad
15248 is bad
15249 is bad
15250 is bad
15251 is bad
15252 is bad
15253 is bad
15254 is bad
15255 is bad
15256 is bad
15257 is bad
15258 is bad
15259 is bad
15260 is bad
15261 is bad
15262 is bad
15263 is bad
15264 is bad
15265 is bad
15266 is bad
15267 is bad
15268 is bad
15269 is bad
15270 is bad
15271 is bad
15272 is bad
15273 is bad
15274 is bad
15275 is bad
15276 is bad
15277 is bad
15278 is bad
15279 is bad
15280 is bad
15281 is bad
15282 is bad
15283 is bad
15284 is bad
15285 is bad
15286 is bad
15287 is bad
15288 is bad
15289 is bad
15290 is bad
15291 is bad
15292 is bad
15293 is bad
15294 is bad
15295 is bad
15296 is bad
15297 is bad
15298 is bad
15299 is bad
15300 is bad
15301 is bad
15302 is bad
15303 is bad
15304 is bad
15305 is bad
15306 is bad
15307 is bad
15308 is bad
15309 is bad
15310 is bad
1531terminate called after throwing an instance of 'helib::LogicError'
  what():  thin results not match
timeout: the monitored command dumped core
Command terminated by signal 6
WALL=2277.16 s MAXRSS=51372548 kB
exit=134 (ORDER6_COMPOSED pass1)
SET_DONE 15
